,id,xcenter,ycenter,aperture_sum,aperture_sum_err,total_bkg,total_bkg_err,corrected_sum,corrected_sum_err,magnitudes,magnitudes_err,star_id
0,1,3290.0,32.0,104856.37732269548,323.8153444600757,78572.09323873532,50815.97584288795,26284.284083960156,50817.00755890964,4.719400992845868,0.07038064517307241,0
1,2,152.0,34.0,107920.75361782747,328.51294303532705,76287.024957241,51341.935466488045,31633.72866058648,51342.986455783466,4.518265411165607,0.07038062543753956,1
2,3,3607.0,35.0,115608.94013558122,340.0131468186651,77630.14795373345,51300.42567284176,37978.79218184776,51301.552443905355,4.319788501489456,0.07038061572295942,2
3,4,2452.0,42.0,112002.93074959127,334.6683889532371,78404.81740410133,50802.38018713604,33598.11334548994,50803.48251457647,4.452854146777375,0.0703806211254428,3
4,5,2978.0,47.0,113386.75502598427,336.7294978760903,83884.93904039383,48072.29386589941,29501.815985590438,48073.4731872384,4.594019499440926,0.07038062840968111,4
5,6,1466.0,58.0,112245.33196785688,335.0303448027041,103107.78229675085,28500.627298289237,9137.549671106026,28502.596403274005,5.866566997063671,0.07038143461007045,5
6,7,2322.0,66.0,120080.6367580262,346.5265307960818,111396.83016227174,798.4282698663359,8683.80659575446,870.3840179296253,5.9218660180881635,0.07038060768243865,6
7,8,3656.0,73.0,122688.0706390542,350.2685690073095,111557.20560203276,740.8839629751434,11130.865037021445,819.5102909836959,5.652319081698757,0.07038060704680826,7
8,9,2093.0,81.0,111727.91257323445,334.2572562381808,111228.41577147463,786.0272891211673,499.4968017598294,854.1468331563655,9.022309594442945,0.07046382038277936,8
9,10,2738.0,88.0,112384.70052789104,335.23827413814183,111473.32338682184,765.6284429612663,911.3771410691988,835.8059661897688,8.369396045186685,0.07038779978820864,9
10,11,413.0,91.0,115642.03162983805,340.0618054991626,110948.63722731629,819.6634541027394,4693.394402521764,887.4064511547027,6.589923746367446,0.07038061826557894,10
11,12,507.0,93.0,112649.62005448766,335.63316307688837,110971.780673944,850.5049970157739,1677.8393805436644,914.3349332196592,7.706765415234486,0.07038135615339594,11
12,13,3639.0,95.0,111980.13754455147,334.63433433397614,112171.4273154761,4554.036948512026,-191.28977092463174,4566.314998565897,,0.1432695345248516,12
13,14,3388.0,99.0,111759.53910901998,334.3045604022282,111654.91070966779,728.7649667408272,104.62839935219381,801.7842077856648,10.719517420592169,0.10157644622277313,13
14,15,3299.0,100.0,118434.26257598004,344.1427939136007,111497.77557479282,720.5518041451006,6936.487001187226,798.5168533346172,6.1657924320953645,0.07038060869269919,14
15,16,1139.0,128.0,112738.98948886701,335.7662722051503,110975.55668282382,802.0485715169328,1763.4328060431872,869.4946236883214,7.652744084148631,0.07038116214563912,15
16,17,1919.0,128.0,130348.44065838004,361.03800433561327,111206.75943106561,769.9798292127075,19141.68122731443,850.4218823437415,5.063691175219552,0.07038060677425803,16
17,18,1731.0,132.0,119961.10549465145,346.35401730441015,111052.52887012524,757.6939348530882,8908.576624526206,833.1033574629619,5.894120574468018,0.07038060751884269,17
18,19,2961.0,151.0,113976.2681744893,337.6037141097928,111468.59919012997,735.161982041539,2507.668984359334,808.9742935470638,7.270465852751424,0.07038072430834964,18
19,20,747.0,162.0,311653.40025475743,558.259259306162,111198.30166488427,797.0286580026551,200455.09858987317,973.0920214854184,2.513598606387413,0.07038060673599157,19
20,21,3425.0,162.0,112226.48309508082,335.0022142328942,111520.75506198964,697.9364174881119,705.728033091189,774.1716388483125,8.64704795167848,0.07039776957334397,20
21,22,2853.0,172.0,112431.280308475,335.30773955648334,111428.6618621941,738.5152895471391,1002.6184462809033,811.0709667479,8.265802147616942,0.07038523137329707,21
22,23,3438.0,178.0,112129.21655779831,334.8570089324521,111451.37651833276,674.9089752906025,677.8400394655473,753.413127944423,8.690823327272206,0.07039970595313695,22
23,24,2518.0,217.0,135501.95158724562,368.1058976379623,111385.22925178437,770.4514257740809,24116.72233546125,853.8719759736608,4.812845665929897,0.07038060675129931,23
24,25,463.0,221.0,115454.91729132364,339.7865760509903,111024.54522153978,869.232247128247,4430.372069783858,933.2843171896104,6.6525408727212465,0.07038062279741272,24
25,26,2258.0,225.0,112010.3990017061,334.67954626669143,111465.35268493097,770.7628639049764,545.0463167751295,840.2891115945032,8.927557851020548,0.07043742207136058,25
26,27,2101.0,228.0,116035.88714509454,340.64040716880737,420595.99505766697,1701264.1779230733,-304560.10791257245,1701264.212025915,,0.07038060912582536,26
27,28,3677.0,235.0,190536.2188086465,436.5045462447238,111557.73379557375,718.6258082126758,78978.48501307274,840.8087006695599,3.5248693771716955,0.0703806067361165,27
28,29,2110.0,239.0,114226.28007095531,337.9737859024024,415887.37612045556,1700100.4135404557,-301661.0960495003,1700100.4471344359,,0.07038060921562912,28
29,30,979.0,250.0,112452.33675140949,335.3391369789232,111010.65096305635,775.7402427992372,1441.6857883531338,845.1184893776662,7.871464830608069,0.0703817812713884,29
30,31,2073.0,252.0,1713571.9121405063,1309.034730290415,113662.49858405687,1803.1074208328864,1599909.4135564493,2228.176002062926,0.2584028896973276,0.07038060673598742,30
31,32,2865.0,259.0,112023.41898911295,334.69899752821635,111508.87466211207,751.0168177004336,514.5443270008836,822.2224026474098,8.990084388129352,0.07044909137730086,31
32,33,2291.0,262.0,111550.55694209333,333.9918517228275,111431.30091039173,752.0378398611011,119.2560317016032,822.8678324009236,10.577440489221491,0.0911102071830839,32
33,34,3811.0,268.0,114079.53016046167,337.7566139581143,111543.5055123675,735.9678275285174,2536.0246480941714,809.7704448975007,7.258257698436383,0.0703807193588633,33
34,35,482.0,281.0,121069.0704910963,347.94980961647656,111059.89364147998,824.3669936392629,10009.176849616313,894.7904839759858,5.767645467090684,0.07038060730270443,34
35,36,3788.0,283.0,112423.14045790734,335.2956016761375,111690.39996964096,1130.108027761303,732.7404882663832,1178.7990901395815,8.606265900101047,0.0704148433026072,35
36,37,57.0,288.0,117820.02408480745,343.2492162033892,110993.13771138285,841.5174087982175,6826.886373424597,908.8297825966682,6.1830846876780665,0.07038060943740294,36
37,38,2003.0,291.0,111812.08771336122,334.3831445892244,111736.7865462573,937.749760346957,75.30116710392758,995.5835979043414,11.076637105365355,0.18916041620772564,37
38,39,2299.0,315.0,111641.47957985321,334.12793864456034,111364.05848271577,756.8086640800509,277.4210971374414,827.28521889944,9.660792661646711,0.07119673578048333,38
39,40,876.0,317.0,111256.4451055647,333.55126327721996,111020.72308050336,767.2526162658938,235.7220250613318,836.6199988051255,9.837640965448433,0.07197313425380607,39
40,41,2050.0,323.0,113939.03884164183,337.54857206439243,111856.08401377453,1075.2911867217886,2082.954827867303,1127.0271401986124,7.471941744746321,0.07038108609937536,40
41,42,3769.0,330.0,111864.87107603115,334.4620619209346,111559.98496011374,685.4527651215822,304.8861159174121,762.6993929964976,9.558297254835818,0.07085726272390942,41
42,43,3334.0,346.0,118721.05519619057,344.5592188591889,111586.45350509675,729.0708765896611,7134.60169109382,806.3903511278339,6.135217042896697,0.07038060851889448,42
43,44,78.0,348.0,112290.59481266688,335.097888415372,110841.36836086739,845.0237103780615,1449.2264517994918,909.0410694361103,7.865800743150947,0.07038193760370781,43
44,45,1836.0,351.0,114684.5898114517,338.6511336475427,111157.85551519606,747.4272069385416,3526.734296255643,820.5681080767857,6.900209520970746,0.07038063765710664,44
45,46,1753.0,369.0,112703.02270396394,335.7127086830827,111241.94458930058,1028.0919137460955,1461.0781146633672,1081.515605935227,7.856957785105435,0.07038243014127983,45
46,47,3378.0,371.0,112535.4741746271,335.46307447790105,111626.33107542168,956.8104171216652,909.1430992054229,1013.9140242893875,8.372060757501698,0.07039129623354808,46
47,48,613.0,385.0,112686.56470351186,335.6881959972852,110936.88383483239,767.1633282401264,1749.6808686794684,837.3924630233901,7.661244265996923,0.07038113827859242,47
48,49,1633.0,389.0,111563.36545286822,334.0110255855813,111167.28325711972,776.9423532858775,396.0821957485023,845.6966273683071,9.274178071696406,0.07058675009903007,48
49,50,474.0,390.0,114455.5960709955,338.3128670247413,111039.59795137346,874.103839942381,3415.9981196220324,937.2903066801214,6.934847316597756,0.07038065257071092,49
50,51,2485.0,394.0,111850.72277921336,334.44091109308096,111403.65471726737,792.539267900578,447.06806194598903,860.2146326220883,9.142707260351589,0.07051207793547017,50
51,52,1334.0,400.0,111519.12428669352,333.9447926080691,111134.37876594586,736.7739859494429,384.7455207476596,808.9221414214574,9.305707442919038,0.07059243459990269,51
52,53,1270.0,404.0,111592.31411146864,334.05435848801596,111162.60460149808,762.526886836761,429.70950997056207,832.4899804645114,9.185703960904615,0.07052486155222262,52
53,54,3627.0,407.0,112072.7884400092,334.7727411685558,111515.12923924631,674.1909017361559,557.6592007628933,752.7324625743995,8.902719194042518,0.07042221642225956,53
54,55,1075.0,414.0,111793.17335381702,334.3548612688178,111126.09565054589,752.1869933263391,667.0777032711339,823.1515329411764,8.708200311919406,0.07040491175128183,54
55,56,1705.0,414.0,114746.9771913985,338.7432320944778,111635.11651671786,2697.579312537593,3111.860674680647,2718.7646320931512,7.036091013064039,0.07038116672294983,55
56,57,1743.0,416.0,113696.21551570471,337.18869385743295,111915.34541382955,3663.8839301298426,1780.87010187516,3679.3670201175887,7.642060766925985,0.07039016776753419,56
57,58,1870.0,419.0,141207.80404377304,375.77626842223924,111264.40539518105,770.4812151025926,29943.39864859199,857.2334027179006,4.577888643271198,0.0703806067424814,57
58,59,3501.0,437.0,111984.99089504001,334.641585934617,111473.74111729318,669.1785490533764,511.24977774683794,748.187758219832,8.997058543441849,0.07043879376407615,58
59,60,2276.0,443.0,111588.22543883698,334.0482381021396,111294.08772842909,723.5324909090547,294.1377104078856,796.9237672326036,9.59726460520005,0.07098081204584894,59
60,61,243.0,448.0,120610.01408027529,347.28952514802194,110897.31016820128,867.6957306075817,9712.703912074008,934.6153728631707,5.800290999877111,0.07038060743329154,60
61,62,1300.0,458.0,119953.28685165584,346.34272984029525,111253.27629042524,883.9480169674409,8700.010561230592,949.3773660741545,5.919841924425121,0.07038060785366262,61
62,63,2536.0,471.0,124911.17062567946,353.4277449592438,111461.08378620866,752.3216344066543,13450.086839470794,831.2033520765397,5.446828653140981,0.07038060688596667,62
63,64,1848.0,472.0,111859.59431560006,334.4541733519166,117689.54154600277,45632.19389018652,-5829.947230402715,45633.41953903574,,0.07039341189642356,63
64,65,1819.0,476.0,174269.74190072375,417.45627589925886,111259.70691379212,793.3061055555864,63010.03498693163,896.4398024404368,3.7701170720800414,0.07038060673634959,64
65,66,3575.0,483.0,111822.5684577984,334.3988169522844,111535.19510340311,674.6450043888952,287.3733543952985,752.9730743698475,9.622525130594157,0.07096874452422264,65
66,67,3827.0,494.0,111823.63246691503,334.4004072859618,111602.55443820864,686.0386202251228,221.07802870639716,763.1989392245035,9.907277415385156,0.07209204670232015,66
67,68,3691.0,496.0,113261.35052534149,336.5432373585088,111475.80298186028,702.9710536360336,1785.5475434812106,779.3777343893659,7.639212827557043,0.07038103128320873,67
68,69,536.0,498.0,112278.3588786186,335.07963058594663,110976.8631359926,901.7780928321722,1301.495742626008,962.0197958179677,7.982534494459082,0.07038289816780079,68
69,70,1307.0,501.0,111736.13120587076,334.26954874222827,112392.7304277044,8138.5648536207755,-656.5992218336469,8145.426570033499,,0.07287245897526896,69
70,71,1738.0,504.0,111687.46907791054,334.1967521100945,111198.44432387881,752.497051260427,489.02475403173594,823.3706827890909,9.045314265707784,0.07046477043764636,70
71,72,3508.0,517.0,112062.07368447082,334.7567383553174,111504.62111944743,678.7665777542758,557.4525650233845,756.8263611625468,8.903121578651906,0.07042273250812293,71
72,73,2087.0,535.0,111815.353123433,334.3880275426073,111240.40169245249,721.4768677461988,574.951430980509,795.2007442505958,8.86956347594669,0.07042170458903114,72
73,74,1141.0,538.0,111598.24028532182,334.0632281101609,111069.19071980575,763.981227360642,529.0495655160776,833.8258548011415,8.95990046884016,0.07044362810981056,73
74,75,1434.0,541.0,111865.07888922385,334.4623726868408,111103.8551248753,758.0524659619529,761.2237643485423,828.5581572190989,8.564860529240844,0.07039513015387813,74
75,76,3934.0,565.0,112276.95702732423,335.0775382896215,111622.97262943716,704.424459512687,653.9843978870631,780.0581874616623,8.729722905284437,0.07040423482252411,75
76,77,270.0,576.0,111529.94365759424,333.96099151641425,110877.39537840235,880.2359649769942,652.5482791918912,941.4591323544568,8.732109752114976,0.0704153253390748,76
77,78,2807.0,578.0,113594.24207682272,337.0374494738657,111485.93754727519,723.1423493707053,2108.3045295475313,797.8277381748718,7.4588080194563755,0.07038083561247882,77
78,79,2534.0,580.0,111771.99854307045,334.32319468903387,111445.95373679648,774.8506979496153,326.04480627397425,843.8990476473401,9.485448157706283,0.07082689357777142,78
79,80,2933.0,584.0,112064.72040590673,334.76069085776965,114963.5346323149,18616.325424446444,-2898.814226408169,18619.335031870356,,0.07041547707919099,79
80,81,2446.0,587.0,112012.98791991656,334.6834145484368,111314.21459939996,739.6565036401859,698.7733205166005,811.8526537192727,8.657800586317414,0.07040024330398457,80
81,82,1405.0,591.0,113229.50033028612,336.4959143297903,111118.32721291867,737.9415644112744,2111.173117367449,811.0408453625505,7.457331756092486,0.07038084197336895,81
82,83,3551.0,598.0,112152.33376700967,334.8915250582821,111454.68033757957,661.6761803418842,697.6534294300945,741.5980725350408,8.659542040437687,0.07039709763651654,82
83,84,2914.0,600.0,114743.16479015033,338.7376036736416,111627.82844034002,759.0798418583818,3115.3363498103135,831.2312376579137,7.034879017779072,0.07038065884835186,83
84,85,2276.0,603.0,113720.69334176101,337.22498930107224,111284.54989210305,733.8875547148048,2436.1434496579604,807.658118497167,7.301884229803313,0.0703807383070212,84
85,86,1956.0,605.0,596682.2203311615,772.452082115826,111985.01423267905,787.6984789263602,484697.2060984825,1103.245717357641,1.5549650830813917,0.07038060673598756,85
86,87,2066.0,605.0,111808.56825047589,334.3778824337505,111283.8883080452,730.6767610849979,524.679942430681,803.5527969278323,8.968905218434225,0.0704411103545939,86
87,88,3706.0,608.0,118162.71812465628,343.74804510313226,111554.5270759702,712.5488585745475,6608.191048686087,791.1312118530753,6.21843489814874,0.07038060906774644,87
88,89,3955.0,616.0,112219.15849219693,334.9912806358539,111677.64332995647,667.5991699001321,541.5151622404665,746.9322658403471,8.934614820909944,0.07042668486229758,88
89,90,2917.0,618.0,129321.15416182333,359.61250475089895,111697.60218310978,920.893534180942,17623.551978713556,988.6182553794367,5.153407764575154,0.07038060680796553,89
90,91,3074.0,625.0,112305.20976546267,335.119694404188,111505.41386983125,726.1792604161159,799.7958956314251,799.7759235161142,8.511193446223977,0.07039171133051662,90
91,92,804.0,635.0,111509.73744917903,333.9307374779958,110950.96348419705,795.5151974626397,558.7739649819705,862.759622853678,8.90055096702849,0.07043482988137542,91
92,93,3120.0,642.0,112426.12231416823,335.3000477928357,111572.94203291292,707.1514797905975,853.1802812553069,782.6169800227374,8.441039350338757,0.07038881832033056,92
93,94,910.0,655.0,112334.56529662944,335.1634900553808,110968.1410932774,804.3631190592965,1366.4242033520422,871.3980676871527,7.929677508900761,0.07038215413823963,93
94,95,1274.0,681.0,111854.27242359897,334.44621721865457,111218.89996987263,721.8583579213127,635.3724537263479,795.5713425662852,8.761070418317468,0.07040819196726661,94
95,96,3961.0,684.0,113382.47275137402,336.7231396058337,111695.25743192939,700.2347663579008,1687.2153194446291,776.9885460946729,7.700715098928242,0.07038113598804892,95
96,97,2351.0,688.0,111828.84342819238,334.4081990376839,111275.67411209455,712.7299011843364,553.169316097832,787.2818781261647,8.911496168722696,0.07042761780844257,96
97,98,4030.0,689.0,113220.42843505568,336.48243399705626,100138.8168191499,34216.933160216024,13081.611615905786,34218.58757048688,5.4769882462798956,0.07038089078630282,97
98,99,1028.0,695.0,114234.13280564401,337.9854033875398,111399.0069565713,804.986749301338,2835.125849072705,873.0623113236381,7.137210519840036,0.0703806905502357,98
99,100,3151.0,697.0,113243.76377392744,336.5171077589243,111564.53850652103,688.3334747103315,1679.2252674064075,766.1897520988063,7.705868972784992,0.07038113124410689,99
100,101,762.0,706.0,150343.57034961216,387.7416283974657,111029.57624384199,778.7644756803777,39313.994105770165,869.9526877790837,4.28227345344511,0.07038060673823812,100
101,102,1410.0,712.0,111398.07012575142,333.76349394387734,111190.80963629519,702.2493285490845,207.2604894562246,777.5295424209068,9.977350075412977,0.07267081793071352,101
102,103,2207.0,717.0,112810.89435152056,335.87333084937063,111349.14867999825,718.6863446054916,1461.7456715223088,793.2975206681629,7.8564618327551665,0.0703815859979927,102
103,104,2151.0,721.0,111671.00740178903,334.17212283774006,111223.88322082,729.0320328948593,447.1241809690255,801.9717655059266,9.142570979913799,0.0704948341220328,103
104,105,1228.0,732.0,111686.67994747803,334.1955710451572,111369.3483520886,711.7562657918764,317.33159538943437,786.3101561090223,9.51485808610445,0.070812445062594,104
105,106,2519.0,732.0,111816.6531306628,334.3899713469473,111522.09596269572,727.7213775925603,294.55716796708293,800.87143558915,9.595717384892282,0.07098331706513937,105
106,107,1122.0,748.0,2508683.9641032424,1583.882557346876,114241.3709696026,1772.6695436635812,2394442.5931336395,2377.191886764745,-0.17936969920183898,0.07038060673598741,106
107,108,1167.0,760.0,112676.08856757422,335.6725906684396,264437.74353675725,1231280.1717328418,-151761.65496918303,1231280.2174885068,,0.07038062704003036,107
108,109,1901.0,766.0,111582.6176230373,334.03984488547434,111309.7480279971,698.6833265329972,272.86959504018887,774.429473061509,9.678753508076678,0.07114498474100536,108
109,110,1826.0,770.0,114953.66619317536,339.04817691247285,111342.35581210577,713.404006490722,3611.31038106959,789.8727383222475,6.874479333203837,0.07038063279583683,109
110,111,2464.0,773.0,154123.4917816637,392.5856489338758,111625.42979975643,999.911860560374,42498.061981907274,1074.2193540604922,4.1977185600198,0.0703806067385006,110
111,112,3681.0,775.0,112445.39475526546,335.32878600113384,111490.7583713506,641.1715687621614,954.6363839148544,723.5650456661967,8.319046417616537,0.07038508496612413,111
112,113,2475.0,782.0,148526.7902913247,385.39173610841095,111597.06816973309,881.2184435871355,36929.72212159161,961.8070157670866,4.350201274468449,0.07038060673952078,112
113,114,1765.0,785.0,118187.27167770575,343.7837563319178,111336.76804435457,682.3867005702398,6850.503633351182,764.0935022841259,6.179335121476934,0.07038060861928956,113
114,115,1822.0,796.0,112038.82483314344,334.72201101416624,111495.59359173011,1139.7020580029164,543.2312414133339,1187.8382068587669,8.931179527948704,0.07049561735056446,114
115,116,3180.0,799.0,112557.86248579109,335.4964412354098,111525.91075780851,725.0230425049618,1031.9517279825814,798.8843935418794,8.234492917483085,0.0703846046643422,115
116,117,2487.0,809.0,112200.50581397576,334.9634396793767,117935.2072326369,34476.742542650616,-5734.701418661134,34478.369695479174,,0.07038841479538414,116
117,118,1438.0,821.0,112986.87273335362,336.13520033499105,111220.48720733724,801.9970629560943,1766.3855260163837,869.5896514416705,7.650927630482413,0.07038115856182514,117
118,119,3104.0,821.0,112121.95635377124,334.8461687853822,111577.70963484242,717.5154102949633,544.2467189288145,791.8019454137494,8.929151825200986,0.07043135372811013,118
119,120,153.0,827.0,112402.28401680232,335.26449879889697,110888.34346753464,826.87318449064,1513.9405492676888,892.2564358885664,7.818369320868545,0.07038168334440147,119
120,121,1042.0,832.0,111898.26600719144,334.51198209397717,111342.01734509485,768.4107221500784,556.2486620965938,838.0652146937291,8.905468925448236,0.07043270652863158,120
121,122,1399.0,840.0,111615.76168812509,334.0894517585415,111448.23217661987,1753.9793558471251,167.52951150521403,1785.513747500763,10.208413068612202,0.09487196548964244,121
122,123,1151.0,844.0,111754.14467563393,334.29649209251227,111308.80716782766,707.6157448657378,445.33750780626724,782.6073006350325,9.146918187989682,0.07049114350902405,122
123,124,2438.0,845.0,113105.22777291434,336.31120600191076,111346.63808034813,715.0037848800345,1758.5896925662091,790.1491249601142,7.655730065619275,0.07038107047710111,123
124,125,1238.0,851.0,111839.79388744308,334.4245719852098,111256.75159478994,688.0623168588231,583.0422926531464,765.0291146280789,8.854391227224523,0.07041657849864587,124
125,126,3405.0,852.0,112320.26761472142,335.142160477348,111540.55646984921,690.2501768599208,779.7111448722135,767.3106114114261,8.5388070192517,0.07039192264708775,125
126,127,1655.0,871.0,112612.62184732713,335.5780416501838,111320.31386402625,685.2698720728184,1292.3079833008815,763.0251762612223,7.990226305957216,0.07038208968442032,126
127,128,3762.0,888.0,112260.9514664729,335.053654141053,111613.14204084015,697.117397694745,647.8094256327604,773.4556337127332,8.740023217212041,0.07040473490266785,127
128,129,1357.0,890.0,117510.19811483036,342.79760524303816,111130.72586146175,684.9270411291535,6379.4722533686145,765.9211772958748,6.25667949180834,0.07038060925219307,128
129,130,687.0,893.0,111446.80476389288,333.8364940877917,110994.88047768082,767.0507158472017,451.9242862120591,836.5486270782666,9.130977172102373,0.07049969511534397,129
130,131,3265.0,897.0,112223.71637887887,334.9980840209438,111533.83679002448,727.2259925670041,689.8795888543973,800.6755651090945,8.671708134312526,0.07040071038727147,130
131,132,3002.0,901.0,129032.76926301178,359.2113156920875,111622.99524915386,695.7859406783814,17409.774013857925,783.0394910647487,5.166658539408419,0.07038060678340198,131
132,133,3331.0,909.0,112057.95142877297,334.75058102955734,111508.87175238287,716.5258676128211,549.0796763901017,790.8648876122471,8.919552951356355,0.0704294752756445,132
133,134,1535.0,910.0,111875.63428806732,334.4781526123939,111205.15110644321,689.1540000850234,670.4831816241058,766.0345099329327,8.702671652740662,0.07040123195092877,133
134,135,2623.0,919.0,124329.98559296048,352.6045740788489,111475.85599377447,750.8689112178772,12854.12959918601,829.5384906650485,5.496034688274693,0.07038060691505599,134
135,136,277.0,929.0,111997.21669620779,334.6598520380673,110827.84434180945,846.5438723721909,1169.372354398336,910.2932189229168,8.098759318252831,0.07038375490913833,135
136,137,2316.0,958.0,120432.77573492954,347.0342575519119,111326.46150023422,715.5746744486011,9106.314234695325,795.2860432742599,5.870284792536669,0.07038060738940856,136
137,138,61.0,963.0,111649.98042460255,334.14065997143695,110805.7307534553,821.4219002232926,844.2496711472486,886.7829039920607,8.452464123631618,0.0703916027199105,137
138,139,2081.0,966.0,112696.4553507047,335.70292762006983,111231.83486474644,696.4296632406243,1464.6204859582504,773.1175405164051,7.854328612952046,0.07038152953003918,138
139,140,2603.0,966.0,112823.2642485679,335.8917449924569,111573.63464595715,1183.6566845913653,1249.6296026107448,1230.3927874186766,8.026688112223521,0.07038501701154475,139
140,141,600.0,967.0,111541.41220868542,333.978161185652,110902.0489988505,736.8790619064094,639.363209834919,809.031621152733,8.754272267656154,0.07040842766271184,140
141,142,3683.0,971.0,112089.55451667325,334.7977822286414,111528.58205982094,685.7880451128243,560.9724568523088,763.1479527620354,8.896287528021,0.07042237433239654,141
142,143,138.0,977.0,111141.53033432289,333.37895868829673,110714.72169437849,799.5104949173873,426.80863994440006,866.2323946719717,9.193058368176764,0.07054106358178812,142
143,144,1198.0,991.0,114446.7264282158,338.29975827042875,111075.11369140563,684.668290353152,3371.6127368101734,763.6867121149473,6.949047159520648,0.07038063879843141,143
144,145,1220.0,997.0,111687.2861950884,334.1964785521349,111134.58119473871,692.4410188366451,552.7050003496843,768.8705032995989,8.912407889775132,0.07042559622268628,144
145,146,346.0,998.0,112105.28179188923,334.82126807532546,110807.91556093575,830.7298387582969,1297.3662309534702,895.6658676978568,7.9859849001749925,0.07038261838626651,145
146,147,1357.0,1014.0,115534.36164616732,339.90345926741895,111112.6874204284,704.7226577191723,4421.674225738927,782.4119029799659,6.6546745188651535,0.07038061811333149,146
147,148,223.0,1016.0,111819.44277549654,334.3941426303127,110814.03954150248,795.6341790287339,1005.4032339940604,863.0487758314644,8.262790679353587,0.07038578531480892,147
148,149,1834.0,1017.0,3725000.136847008,1930.0259437641203,115790.20483825993,2446.5606347088255,3609209.932008748,3116.1930432676077,-0.6248889855441035,0.07038060673598741,148
149,150,1612.0,1020.0,112869.03000291515,335.95986429053033,111190.37758873757,697.8161791567671,1678.652414177588,774.4781793614724,7.706239425526608,0.07038114338532417,149
150,151,3952.0,1020.0,111961.90854535319,334.60709617077725,111915.77631882338,1109.431780654658,46.13222652980767,1158.7928135496893,11.608630334131332,0.5490286148197042,150
151,152,3374.0,1022.0,112550.80839026677,335.4859291083659,111515.2898928592,738.4585860760546,1035.5184974075673,811.0930230122494,8.230746721293063,0.07038467130352705,151
152,153,3441.0,1026.0,111976.45389687896,334.6288304708461,111566.48642548396,729.9439191440545,409.9674713949935,802.991020670635,9.236767875806732,0.07054257925167608,152
153,154,4000.0,1046.0,179668.88746949617,423.87366842332864,111881.02495093673,712.1068630981024,67787.86251855944,828.7129003786954,3.6907615240170824,0.07038060673621846,153
154,155,2621.0,1060.0,111831.107613364,334.41158421272286,111465.16871692255,743.3584764893052,365.93889644145383,815.1152876889034,9.360119938869893,0.07064333749698595,154
155,156,1201.0,1063.0,136992.0786991297,370.1244108012369,111113.56174377495,685.3285514183353,25878.516955354746,778.8885047682477,4.7362929135205825,0.07038060674559712,155
156,157,3856.0,1065.0,111941.56810791804,334.5766998850583,111746.36112438879,691.8171820686911,195.20698352924956,768.4741905304568,10.042402997752605,0.07321292653609597,156
157,158,975.0,1066.0,111410.64994289061,333.7823396337996,110947.99102369083,735.867506417075,462.6589191997773,808.0294779597443,9.105489026557077,0.07048176832600474,157
158,159,150.0,1070.0,111644.13642658689,334.13191462755566,110752.78472102316,837.5674553700253,891.3517055637349,901.7557200637518,8.39351862442128,0.07038975777016175,158
159,160,2721.0,1070.0,118620.51415214952,344.4132898825702,111484.1435392752,751.8908685717438,7136.3706128743215,827.0189795218164,6.134947883600553,0.07038060860942125,159
160,161,2484.0,1074.0,113085.02777807368,336.28117373888034,111461.9799188133,750.7812276848866,1623.0478592603758,822.6527090183467,7.742813058542687,0.07038129955950302,160
161,162,1568.0,1076.0,111530.69965095,333.96212294369093,111187.30567947686,704.1404907861627,343.39397147313866,779.3231231816717,9.429159707629902,0.07069022546970698,161
162,163,242.0,1077.0,114087.6203680453,337.7685900658707,110707.65188120455,800.4176221230723,3379.9684868407494,868.766936663821,6.9463597461111455,0.07038064781999824,162
163,164,3750.0,1081.0,114361.97306845352,338.1744713898127,111595.05292176963,700.4023502431432,2766.920146683886,777.7695194116943,7.163649810026169,0.07038068005761686,163
164,165,82.0,1082.0,112195.73590886901,334.95631981163103,110882.05720939094,1166.820627688613,1313.6786994780705,1213.9465035088656,7.97241847863077,0.07038412192447348,164
165,166,749.0,1086.0,112632.9796687006,335.6083723857494,111036.0341973353,804.6093540784921,1596.9454713652958,871.7965314716618,7.760416156100504,0.07038143693910787,165
166,167,3548.0,1089.0,111865.86279742845,334.463544526916,111493.68135732022,682.6933055617981,372.1814401082229,760.2210284360746,9.341754593987279,0.07059426475701414,166
167,168,1725.0,1101.0,125848.6138534105,354.75148228000893,111475.86164260998,709.6330726009027,14372.752210800521,793.3648038001569,5.374791528192807,0.07038060684077338,167
168,169,1520.0,1112.0,114627.19004790732,338.566374696718,111226.55264598093,681.4781668005102,3400.6374019263894,760.9465696755998,6.939740556234735,0.07038063749581676,168
169,170,57.0,1118.0,111485.69609564912,333.89473917891416,110905.24619708891,1300.517416033736,580.4498985602113,1342.6955150958167,8.859229524898979,0.07049334346382233,169
170,171,1345.0,1122.0,111999.34409550195,334.66303083114866,111160.96165262185,679.5535977314315,838.3824428801017,757.4908820539179,8.460035936764585,0.07038885718648502,170
171,172,3290.0,1153.0,112059.8173913628,334.7533672689986,111475.49060186638,738.3707209447958,584.3267894964229,810.7102678802524,8.852001879567798,0.07042064743335255,171
172,173,2131.0,1158.0,111915.47700366261,334.5377061645556,111302.50491988422,692.6293705622725,612.9720837783971,769.1884826304488,8.800039633597262,0.0704103732467143,172
173,174,3633.0,1159.0,137134.41652833566,370.3166441776019,111569.41871649331,710.5298261061299,25564.997811842346,801.2409442492113,4.74952697425743,0.07038060674666469,173
174,175,2260.0,1165.0,111733.49790187797,334.2656090120946,111275.31384191921,689.560292304449,458.18405995875946,766.3073104774766,9.116041433523886,0.07047520240867013,174
175,176,272.0,1168.0,115820.97776403942,340.32481233322045,110705.0486912297,847.7769577902995,5115.929072809711,913.5353020271396,6.496330086998726,0.07038061539103742,175
176,177,2670.0,1168.0,111732.25817065316,334.2637558990632,111504.45983209246,784.6490741611138,227.79833856070763,852.8812508723836,9.874764993376381,0.07227420781372175,176
177,178,533.0,1181.0,110956.09010226952,333.10072109621944,110861.60658763109,818.0035343253412,94.48351463842846,883.2247010605914,10.83025127403624,0.12141654463683857,177
178,179,3468.0,1184.0,113599.01617836834,337.04453108610994,112185.11023316892,3809.3466253908055,1413.9059451994253,3824.22812189746,7.892590072466203,0.07040659889229996,178
179,180,1049.0,1187.0,115729.62152143505,340.19056642128373,110959.94640012935,727.9237914587898,4769.6751213057,803.4940370990774,6.572419377027548,0.07038061559789244,179
180,181,3505.0,1199.0,115083.77269795512,339.2399926370635,111861.73021985633,2148.8972490755214,3222.042478098796,2175.509862006775,6.998313219776257,0.07038091870618023,180
181,182,3783.0,1231.0,114493.43274083128,338.36878165664035,111619.51098099518,695.7617516676208,2873.921759836099,773.6781291230839,7.122454022363799,0.07038066907180832,181
182,183,3972.0,1234.0,112788.2064123342,335.8395537341752,111680.66206886747,693.8930818142516,1107.544343466725,770.892868589436,8.157738565555324,0.07038341250493188,182
183,184,1683.0,1235.0,119185.57699181302,345.2326414902163,111172.96790818876,684.8710296674515,8012.609083624266,766.964082619302,6.009206486357917,0.07038060774983163,183
184,185,3199.0,1244.0,112453.98492045888,335.34159446831796,111528.8663418855,724.2033554469938,925.1185785733833,798.0754882974659,8.353147867218329,0.07038678400156392,184
185,186,310.0,1251.0,118307.72868564806,343.95890520620793,110727.45598856159,905.5054844137298,7580.272697086475,968.631979016797,6.06942930030263,0.07038060875479664,185
186,187,1250.0,1274.0,113726.27430766443,337.2332640551139,111036.13332312506,683.6942839652694,2690.1409845393646,762.3412282646457,7.194203771372505,0.07038068557032186,186
187,188,281.0,1280.0,110993.74443832591,333.15723688079106,112083.66070016478,7740.494169260576,-1089.9162618388655,7747.660532628092,,0.0706821546000563,187
188,189,2217.0,1286.0,111804.96538529007,334.37249531196045,111296.07187123524,717.216213840394,508.8935140548274,791.330564945331,9.002074084627738,0.0704469078313682,188
189,190,3007.0,1288.0,289984.28158718057,538.5018848848447,111684.8373474342,725.6157873436247,178299.44423974637,903.6053070156454,2.6407664002850417,0.07038060673599315,189
190,191,3816.0,1294.0,114070.18596931055,337.7427816064189,111698.12941994397,724.9555354573071,2372.056549366578,799.7691635199697,7.330828778204602,0.07038075026698788,190
191,192,1611.0,1302.0,116611.97384570865,341.48495359240695,111069.6760382587,702.1398983020874,5542.297807449955,780.7767992952109,6.409416728317649,0.0703806113259733,191
192,193,161.0,1307.0,112457.78024278954,335.34725281099986,110760.57564735311,828.890322846756,1697.2045954364294,894.157115543395,7.6943058764492385,0.07038129128691555,192
193,194,2115.0,1309.0,111652.91607317378,334.1450522294129,111211.99412831693,712.3352971244946,440.9219448568474,786.8128694034173,9.157737088059383,0.07049687320356124,193
194,195,2419.0,1314.0,114090.72036803182,337.7731794831192,111478.95852679225,697.0048879782887,2611.7618412395677,774.5363352637255,7.22630744300345,0.07038069832977499,194
195,196,632.0,1323.0,139006.94317463995,372.83634936288905,110856.85603580056,734.0866346913501,28150.087138839386,823.340835036571,4.644942015104086,0.07038060674365673,195
196,197,2725.0,1325.0,114321.54332496962,338.1146898769464,111508.47222676169,762.0097072956638,2813.0710982079327,833.6548071734528,7.145689602076446,0.07038068557958582,196
197,198,2619.0,1327.0,112215.51680276546,334.9858453096996,111528.80779386876,743.1130096016896,686.7090088966943,815.1272671166969,8.676709511692678,0.07040182996130329,197
198,199,1855.0,1356.0,112555.81395895328,335.4933893149846,111179.05029333897,672.4489576023084,1376.763665614315,751.4941216366811,7.9214928841410535,0.07038172341189011,198
199,200,3522.0,1362.0,111825.70313502551,334.40350291691453,111516.06967895228,694.2705205863364,309.6334560732357,770.6083690943964,9.541521673195858,0.07083809893670433,199
200,201,857.0,1372.0,124825.52579843799,353.306561472358,110891.96039801618,757.5347487623317,13933.565400421809,835.8734485326294,5.408485722980895,0.07038060686767626,200
201,202,1332.0,1381.0,111857.3774341416,334.45085961583106,111014.6197331157,715.6103878476522,842.7577010258974,789.9086052786332,8.454384549619334,0.07038939357479755,201
202,203,1276.0,1385.0,111362.14977756244,333.7096787345145,111127.58837513175,686.3973684950524,234.56140243069967,763.2191671846466,9.843,0.07173464720099648,202
203,204,2031.0,1409.0,623691.8216965483,789.741614813296,111960.03375976201,773.7692937423052,511731.78793678625,1105.6268530143334,1.4960353853115897,0.07038060673598755,203
204,205,3272.0,1428.0,111715.62347310976,334.23887178956505,111481.44007180627,729.158604746276,234.1834013034968,802.1146391200557,9.844751100363938,0.07188427056814783,204
205,206,1006.0,1442.0,117326.59779601477,342.52970387709763,111065.68784461448,858.8600526672057,6260.909951400288,924.6443576346786,6.277047730193661,0.07038061068889447,205
206,207,205.0,1462.0,111213.17348359952,333.48639140036147,110688.96799216127,796.4570212868185,524.2054914382461,863.4564030721568,8.969887458511874,0.07045071598349396,206
207,208,1002.0,1479.0,111433.35342731769,333.81634668983105,112157.10207278108,6094.399177098451,-723.7486454633909,6103.534605712957,,0.07133864513379116,207
208,209,526.0,1493.0,111963.58332980634,334.60959810142907,110899.21166555815,831.733775953575,1064.3716642481886,896.5180741087106,8.200908113420038,0.07038505558999229,208
209,210,2289.0,1503.0,113287.50236520983,336.58208829924104,317389.5617658309,1136521.5326158016,-204102.05940062107,1136521.5824553762,,0.07038061202388224,209
210,211,2635.0,1512.0,112147.30672352605,334.884019519427,111895.37422098705,749.5005164200309,251.93250253899896,820.9131078520923,9.76543087224161,0.07155917150731296,210
211,212,1407.0,1523.0,112064.60558468322,334.76051955482177,111059.17002991775,691.1466469666799,1005.4355547654704,767.9507100497393,8.262755776673288,0.070384706454943,211
212,213,2318.0,1526.0,1177837.435099225,1085.2821926957158,112988.46591259762,1027.4722066650388,1064848.9691866273,1494.502115505878,0.7004213369414387,0.07038060673598742,212
213,214,1594.0,1528.0,112230.5859479202,335.0083369522127,111015.82913843743,684.6483379424719,1214.756809482773,762.2164603804332,8.05741801838848,0.07038250217767243,213
214,215,2241.0,1530.0,114356.60901300583,338.16654038869086,111721.21460495764,768.5706138144417,2635.394408048189,839.6769601802611,7.216527323764044,0.07038071057455073,214
215,216,1840.0,1532.0,111591.47464055975,334.0531013208346,111092.10392002026,755.6953146447247,499.3707205394894,826.2365781530476,9.022583686739138,0.07045855260647232,215
216,217,1945.0,1547.0,111569.00735406339,334.0194711095654,111029.00024847782,680.4677452943718,540.007105585566,758.0272814789187,8.937642687869197,0.07042859562948073,216
217,218,3657.0,1550.0,112781.66009833125,335.8298080881605,111588.20177398206,713.3459028943386,1193.4583243491943,788.4440609051918,8.076623228951277,0.07038278355850826,217
218,219,1259.0,1556.0,1466333.4786638243,1210.9225715761145,112957.17761907258,1062.8910318981596,1353376.3010447517,1611.232702014841,0.44009495576138846,0.07038060673598742,218
219,220,285.0,1567.0,111834.91532588497,334.41727764555503,110774.89704189317,795.6152969914659,1060.018283991798,863.0403330057541,8.2053579830663,0.07038479768933874,219
220,221,3108.0,1574.0,112025.87863923707,334.7026717263212,111656.68784733217,764.4211377766071,369.1907919048972,834.4852031884209,9.350514222424184,0.0706463924129137,220
221,222,916.0,1577.0,111460.00303816999,333.8562613790533,110997.22053673248,742.13104086384,462.7825014375121,813.7680781866817,9.105199050967961,0.07048309979866704,221
222,223,1842.0,1578.0,111771.28510200462,334.32212805919823,111106.71264650857,725.3107714984056,664.572455496047,798.6532417524162,8.712285531152759,0.07040383370337006,222
223,224,648.0,1585.0,115090.21826920255,339.24949274437614,110912.7399288598,726.0510453083739,4177.478340342757,801.3989884699748,6.716355856950003,0.0703806217175704,223
224,225,2161.0,1591.0,117848.3563138699,343.290483440865,111292.32363427323,707.4800015008955,6556.0326795966685,786.3690663707276,6.227038599697621,0.07038060911395207,224
225,226,3283.0,1593.0,163644.81677861855,404.53036566012327,112173.42582716479,3141.5464049609463,51471.390951453766,3167.484590533024,3.989726612267277,0.07038060674614247,225
226,227,1431.0,1599.0,114712.21817511151,338.691921215703,133295.6699576485,175518.36441813235,-18583.451782536984,175518.69119906804,,0.07038244180558059,226
227,228,3163.0,1599.0,111822.81215661445,334.3991811728513,111591.8010053884,767.050099312926,231.01115122604824,836.7727691703662,9.859559013008067,0.07210608305215302,227
228,229,1275.0,1610.0,112316.25457016524,335.136172936064,114667.07429692893,12334.938543398934,-2350.819726763686,12339.490472618343,,0.07041601665298408,228
229,230,147.0,1624.0,113177.10608598072,336.41805257512533,110856.68543731219,738.476723639086,2320.420648668529,811.4955190604313,7.354724570338371,0.07038076810564085,229
230,231,3284.0,1627.0,114673.55054425653,338.6348341061869,120945.19975974543,54751.43410841279,-6271.649215488898,54752.48131800729,,0.07039437106692409,230
231,232,3221.0,1630.0,118404.30787524852,344.0992705560334,111707.44326196604,766.0826501897616,6696.86461328248,839.8136310628465,6.203962576134927,0.07038060922711947,231
232,233,1453.0,1642.0,850233.9816141198,922.0813311137671,112172.00708891793,1239.0368344958492,738061.974525202,1544.4889958902365,1.0984092971215595,0.07038060673598746,232
233,234,1835.0,1644.0,111466.69893821898,333.866289108589,111072.55076233277,683.2175750364784,394.14817588620645,760.429453560201,9.27949257150091,0.07055061598778209,233
234,235,2749.0,1652.0,112348.06576103187,335.18363032183214,112156.35767265111,769.3794200331141,191.70808838076482,839.2215190319024,10.062040282385306,0.07399225875664946,234
235,236,719.0,1656.0,111485.51680937965,333.8944692065031,110903.99134819572,730.1038773462819,581.5254611839337,802.8307345155436,8.85721953801796,0.07042063498177101,235
236,237,3572.0,1661.0,112059.14247413736,334.75235943503407,111602.36806929279,730.3884342568366,456.77440484457475,803.4465800807641,9.119386972941369,0.07048587544625855,236
237,238,2640.0,1667.0,113593.72216953331,337.0366768460974,113234.71701541543,1383.1096760113383,359.00515411788365,1423.5821358164233,9.380889664871411,0.07124205573301079,237
238,239,3949.0,1673.0,123455.7327964265,351.36268040491285,111806.671736225,765.2424849981354,11649.061060201493,842.0521326066732,5.602914069764456,0.07038060700953398,238
239,240,2803.0,1699.0,112078.64417032707,334.7814874028354,112080.34632058146,763.3644443685304,-1.7021502543939278,833.5489903021477,,287.69701419930857,239
240,241,2878.0,1699.0,112075.40533740132,334.77665025817646,111883.84532553524,769.2270653505997,191.56001186608046,838.919354661687,10.062879235801795,0.07400062095786902,240
241,242,735.0,1704.0,112500.80842252276,335.41140157643264,110986.71485744992,733.665513456093,1514.0935650728497,806.7006222523071,7.818259589740406,0.07038148642306603,241
242,243,2299.0,1704.0,112617.0230038356,335.58459839458357,111727.43917379582,727.808552703393,889.5838300397736,801.4501307429313,8.395674173630066,0.07038789291782971,242
243,244,2419.0,1707.0,113206.91345106793,336.46235137892694,114021.46190405538,2200.0138133452856,-814.548452987452,2225.5937843203783,,0.07046049715268406,243
244,245,3876.0,1750.0,112072.36139241725,334.7721034112143,111723.92907760125,761.4808772034992,348.4323148160038,831.8205861656583,9.413345308550161,0.07071332549423105,244
245,246,137.0,1760.0,112182.26468860879,334.9362095081925,110887.62488020636,735.061245596655,1294.6398084024258,807.773049326246,7.988268981863007,0.07038225677722429,245
246,247,987.0,1767.0,423578.7542261068,650.8292805614444,111427.60176101804,798.6692095795371,312151.15246508876,1030.2675665896359,2.0327290172592676,0.0703806067359882,246
247,248,3038.0,1789.0,114419.48125410051,338.25948826964117,111814.68148637681,767.8546037559398,2604.7997677237,839.0591003699507,7.2292055127785115,0.0703807153796477,247
248,249,1054.0,1791.0,161558.86873315513,401.9438618998961,111238.9622235278,795.0382836350686,50319.90650962734,890.8674090819568,4.014291810099921,0.0703806067368668,248
249,250,1906.0,1798.0,137149.42106038213,370.3369025669261,111087.99803925626,696.9956378931241,26061.42302112587,789.2732990827119,4.728646059917642,0.07038060674558096,249
250,251,628.0,1810.0,111196.23310010083,333.4609914621972,111007.72170364967,861.9730735353317,188.51139645115472,924.2260612679659,10.080297347493243,0.07503221648749406,250
251,252,593.0,1817.0,111375.15429829074,333.7291633118578,110987.84547766462,823.8173758979616,387.30882062611636,888.8476940827579,9.298497904526176,0.07062959256076687,251
252,253,1324.0,1817.0,112293.66350511275,335.1024663741853,111036.00776297887,697.5990696167194,1257.6557421338803,773.9109282728695,8.019736928905814,0.07038230750994369,252
253,254,1250.0,1821.0,111565.37416721086,334.01403339807183,111041.48916260916,704.9761317682346,523.8850046017033,780.1004556271913,8.970551454939171,0.07043797836960218,253
254,255,1660.0,1821.0,131131.6374519325,362.1210254548985,110979.49686745995,703.425832551545,20152.140584472552,791.1634085176978,5.007838413467068,0.07038060676295019,254
255,256,1116.0,1831.0,112395.49308381163,335.25437162343974,111095.5659858789,724.9775350597307,1299.9270979327266,798.741460069471,7.983843881395927,0.07038219399780131,255
256,257,2378.0,1833.0,112902.10583102865,336.00908615877717,112154.33191919421,786.3711094634108,747.7739118344325,855.1500615564336,8.584215600194224,0.07039722054319394,256
257,258,3864.0,1835.0,112114.09134897352,334.83442445803735,111694.04571710534,767.2163573220581,420.0456318681827,837.0991761701077,9.210400192083686,0.07054033890505965,257
258,259,431.0,1858.0,124795.89598614408,353.26462595244567,110909.25282409601,808.3618889556558,13886.643162048073,882.1818630335115,5.412148184475695,0.07038060688466453,258
259,260,3674.0,1867.0,122601.10024534022,350.14439919170087,111661.99617748942,770.1042084445459,10939.1040678508,845.9678434487435,5.671186989081904,0.0703806070910441,259
260,261,226.0,1884.0,111209.02846372913,333.48017720190785,110828.48972888265,775.6517410193048,380.5387348464865,844.3012803098753,9.317644199049608,0.07062169341717928,260
261,262,2989.0,1894.0,113517.34203969964,336.92334595398324,112003.15411509815,791.7666260689156,1514.1879246014869,860.4718073274577,7.818191927895304,0.07038160735347357,261
262,263,3126.0,1894.0,112101.61264251854,334.8157879422589,111685.6724579906,780.1813903564957,415.94018452793534,848.9903496000355,9.221064173602082,0.07055147920970842,262
263,264,1668.0,1897.0,113543.1798011408,336.9616890822817,110973.72784643194,702.7542594790457,2569.4519547088566,779.3630278151037,7.244040120545587,0.07038070573578024,263
264,265,773.0,1901.0,111488.48011540307,333.8989070171486,110986.2070624816,809.2660385695413,502.273052921475,875.442745865933,9.016291677048924,0.07046610342066899,264
265,266,2540.0,1916.0,114680.2244855745,338.64468834521836,112465.01347521861,805.850284778189,2215.2110103558807,874.1137834524282,7.40510362064631,0.07038083215567001,265
266,267,1351.0,1922.0,111970.11034106942,334.6193509965963,111002.23611766558,692.9926766378319,967.8742234038364,769.5511418580639,8.304094064469677,0.07038540077413535,266
267,268,1893.0,1931.0,112756.49512086855,335.7923393771548,110918.2357308878,680.6986480146522,1838.2593899807543,759.0172228568715,7.607624391329763,0.07038096515577733,267
268,269,1744.0,1934.0,112143.0049340789,334.8775968050259,110927.93632009735,705.0509518037276,1215.0686139815516,780.5381793873069,8.057139366735798,0.07038259235518092,268
269,270,1726.0,1936.0,113663.86341958016,337.14071761660364,110901.94764886986,707.2359404872581,2761.9157707103004,783.4835920374688,7.165615299232852,0.07038068167964047,269
270,271,2657.0,1941.0,119426.11408237068,345.5808368956311,113743.88550083229,7976.701298297492,5682.228581538395,7984.183722653831,6.382344623244162,0.07038104114807404,270
271,272,2037.0,1945.0,116188.83507987022,340.8648339857319,111086.28274019239,716.2117485538992,5102.55233967783,793.188567627367,6.499172703464447,0.07038061332954794,271
272,273,394.0,1960.0,113704.68439290806,337.2012519232917,110877.80345040088,825.2911630892881,2826.8809425071813,891.5212774644839,7.140372578883721,0.07038069515589941,272
273,274,2336.0,1966.0,113908.26866694062,337.5029910083208,112216.9411652884,4015.1190007145856,1691.3275016522239,4029.2789502389696,7.698072097170069,0.07039470018680331,273
274,275,701.0,1967.0,127410.83695708262,356.94654665391334,110890.12790237325,773.0204512626681,16520.70905470937,851.4525560702095,5.223569666652899,0.07038060680512642,274
275,276,921.0,1968.0,112058.45808517784,334.7513382297738,110922.96895535724,795.3578700820204,1135.4891298206057,862.9325581689641,8.130683921432846,0.07038378894693809,275
276,277,2646.0,1975.0,119870.13977678912,346.2226734020509,114095.58292237834,7569.172146892218,5774.556854410781,7577.0863218566155,6.364844719918782,0.0703809735498073,276
277,278,3548.0,1986.0,111896.54561562784,334.50941109403453,111564.59162202767,775.2081749136856,331.95399360016745,844.3010485386627,9.4659466294078,0.07079643975755401,277
278,279,1998.0,1989.0,111341.21203376004,333.67830565618965,111016.37966529245,743.2363122467175,324.8323684675852,814.7032757438045,9.4894931271601,0.07080286472384081,278
279,280,2121.0,1995.0,114564.83106934502,338.474269264671,111090.43298899446,716.2830246045937,3474.3980803505547,792.2286300626594,6.916442432981122,0.0703806373344541,279
280,281,4027.0,1999.0,112211.53176796457,334.97989724702944,98668.19778477485,35976.24122369129,13543.333983189717,35977.800712617005,5.439327402869276,0.07038088006329568,280
281,282,2338.0,2000.0,115218.03633742873,339.4378243211695,111818.6504240122,2544.0963077447204,3399.385913416525,2566.640617550538,6.940140197923396,0.0703809572005902,281
282,283,284.0,2005.0,112931.82195896748,336.0533020150348,111372.4888151782,2810.903649375769,1559.3331437892775,2830.920547784629,7.786294099076059,0.07039023586513066,282
283,284,3317.0,2020.0,191551.43589591427,437.6658957745015,111749.6737611814,804.6860509933421,79801.76213473287,916.0082297596219,3.51361017076521,0.07038060673613439,283
284,285,320.0,2021.0,113646.09777756566,337.11436915198624,111222.53239351949,2305.892646009704,2423.5653840461746,2330.4048988985533,7.3075045219577035,0.07038172503348603,284
285,286,2201.0,2027.0,111646.35697140994,334.13523719402946,111210.97241423823,731.3203808138646,435.3845571717102,804.0372230988105,9.171458821947855,0.07050830453551102,285
286,287,2149.0,2046.0,118118.2317869581,343.68333048399535,111100.74043497852,728.980881044242,7017.491351979581,805.9350821130759,6.1531866587258675,0.07038060863877175,286
287,288,2041.0,2063.0,113502.17814169903,336.9008431104748,111009.27928929817,740.9861051316223,2492.89885240086,813.9794752244557,7.276879729805275,0.0703807286138697,287
288,289,3431.0,2069.0,111935.56872769144,334.567734024749,111668.08237727932,802.7906326311426,267.48635041211674,869.7174072598325,9.70038731081889,0.0714225972856812,288
289,290,3123.0,2070.0,225087.05832091862,474.4334076482668,111773.25815517717,804.2745316277244,113313.80016574144,933.7797280503265,3.132934362545269,0.07038060673602499,289
290,291,2053.0,2072.0,116203.5054000844,340.8863525524256,110983.89299904187,743.7843078331965,5219.6124010425265,818.1800547161998,6.474545738287427,0.07038061314309088,290
291,292,1857.0,2074.0,111278.12356679572,333.5837575621532,111013.25812915327,714.0079199768354,264.8654376424529,788.0897367044773,9.711078146987807,0.07127150299050694,291
292,293,1880.0,2075.0,112915.80522362783,336.0294705358669,110968.7053491792,688.1639974312567,1947.0998744486278,765.8234081230357,7.545170802053706,0.07038089661746215,292
293,294,2641.0,2082.0,113311.19078497763,336.61727624933326,336060.2421407167,1466608.6523402713,-222749.05135573907,1466608.6909706139,,0.07038061294299154,293
294,295,718.0,2088.0,112161.18313791975,334.9047378783485,110947.34182807157,758.0173485197428,1213.8413098481833,828.7047025993436,8.058236590335719,0.07038285404098218,294
295,296,3175.0,2090.0,124175.80635665052,352.3858770464225,111932.63878747563,1288.3248537375148,12243.167569174882,1335.648432447538,5.548906889949428,0.0703806073000485,295
296,297,275.0,2093.0,112846.91627063154,335.9269507173417,110808.75794733854,792.8479296612129,2038.1583232929988,861.0776711692871,7.495546581993685,0.07038091198132845,296
297,298,4023.0,2105.0,112240.39097519818,335.022971015853,100149.79872648585,34237.344147152005,12090.592248712332,34238.98325946073,5.562522436544626,0.07038099646901817,297
298,299,1435.0,2107.0,112742.81067405887,335.7719625196475,111007.27916887963,730.4821162960649,1735.5315051792422,803.9570467647343,7.670060119369324,0.0703811128532161,298
299,300,1962.0,2142.0,163454.8376265611,404.2954839579672,111053.29763580943,772.5324941567043,52401.539990751655,871.9296375721983,3.970281248143614,0.07038060673670372,299
300,301,3317.0,2142.0,111843.18378678375,334.42963974627304,111582.21447451599,824.8006470068888,260.9693122677563,890.0220734587454,9.727167771311658,0.07158360476710214,300
301,302,2869.0,2143.0,111903.66607996178,334.52005361155864,111715.37836461526,829.5776038789277,188.28771534652333,894.4845818267542,10.081586409460442,0.07476641504261608,301
302,303,383.0,2148.0,113481.56650925534,336.8702514598169,110879.65213693479,797.93022761375,2601.914372320549,866.1259807085406,7.230408873858331,0.07038072301645543,302
303,304,1523.0,2151.0,112763.27167385025,335.8024297314699,110974.17567965125,712.3429634827936,1789.0959941990004,787.5250913063071,7.6370572656723565,0.07038103677702119,303
304,305,1604.0,2159.0,111568.68391228779,334.01898694182086,110971.68814455601,715.4184965670441,596.9957677317725,789.5519671737194,8.828713243217306,0.07041546340620498,304
305,306,280.0,2160.0,112593.27222271392,335.54920984630866,110804.16168427876,773.9093600209003,1789.110538435154,843.5217660241149,7.637048439349103,0.07038110009079801,305
306,307,1046.0,2164.0,111869.03540003419,334.46828746265317,110961.3341825139,785.8527559884413,907.7012175202835,854.0688434855991,8.37378407904641,0.07038823995166717,306
307,308,3879.0,2183.0,117734.73967317454,343.12496238625613,111953.46776543431,797.9630358067969,5781.271907740229,868.6079359104251,6.363582884443826,0.07038061153410609,307
308,309,3095.0,2221.0,114700.10768777419,338.6740437320521,111585.5430645463,837.6321515561192,3114.5646232278814,903.5085662119388,7.035148008088431,0.07038066836595953,308
309,310,434.0,2235.0,112240.73298106628,335.02348145685835,110903.70929641573,782.6713453230823,1337.0236846505431,851.3607742416358,7.953293622429328,0.07038221806006618,309
310,311,1465.0,2240.0,120513.27134296918,347.1502140685455,111009.75532708611,723.6049268197407,9503.51601588307,802.5692252046794,5.823930596605678,0.07038060729696403,310
311,312,1013.0,2241.0,182817.55984788405,427.5717023429742,111111.65340322255,801.8545088297183,71705.90644466151,908.7289001539555,3.629754048598034,0.07038060673620931,311
312,313,583.0,2251.0,111378.61927220476,333.7343537562271,110942.34678281877,780.8831335001948,436.27248938598495,849.2096838014564,9.169246804068386,0.07052188647570656,312
313,314,2680.0,2252.0,114604.16306637923,338.5323665125145,111496.9265858946,800.3424194043597,3107.2364804846293,868.9949087736863,7.037705606261871,0.07038066428714401,313
314,315,895.0,2263.0,111533.96795082746,333.96701690985475,111003.58419367243,818.568809479831,530.3837571550248,884.0751462612751,8.957165835331313,0.07045073905051134,314
315,316,2270.0,2273.0,113549.5628235687,336.9711597206241,111163.39396075251,742.8322383014212,2386.1688628161937,815.6894609735753,7.324388438268972,0.07038075253734004,315
316,317,75.0,2277.0,111686.39483077935,334.19514411887064,110864.3303378929,746.9539039010562,822.0644928864494,818.3071116064316,8.481376648241717,0.07039102256765557,316
317,318,2031.0,2281.0,115399.80326827742,339.7054654988488,111093.36471633898,767.0879095064334,4306.438551938438,838.9419909628674,6.6833457372338545,0.07038062127409234,317
318,319,368.0,2284.0,111813.92761822698,334.38589630627786,111004.63814328489,915.2666916103019,809.2894749420957,974.4367831828908,8.498381643242796,0.0703963306353961,318
319,320,947.0,2289.0,119882.50539968003,346.2405304416563,111029.65938287885,814.5093455574793,8852.84601680118,885.0468795046919,5.900934098172769,0.07038060764196594,319
320,321,2418.0,2296.0,114955.88161774552,339.05144461502886,111245.63682540147,754.0391155114233,3710.2447923440486,826.7592574726864,6.845134963519353,0.07038063236104175,320
321,322,1177.0,2299.0,112815.74953362902,335.8805592418985,111972.15519794887,5122.020044729461,843.5943356801436,5133.021048923045,8.453307236473531,0.07074923837348016,321
322,323,3679.0,2307.0,112989.28464945185,336.1387879258293,111572.9931832098,792.9532528020575,1416.2914662420517,861.2573052680652,7.890759778108582,0.07038191642517155,322
323,324,382.0,2312.0,111379.06374754326,333.7350204225361,111203.7391778767,1213.1893673456486,175.32456966655445,1258.2557390677644,10.159034419988352,0.0814187679081972,323
324,325,2724.0,2312.0,116790.640291277,341.74645606370046,111437.11916525624,805.9137612112067,5353.521126020758,875.3785642461738,6.447042571923525,0.07038061336350226,324
325,326,1728.0,2316.0,646217.8990671904,803.8767943608567,111752.57830464764,829.441518679126,534465.3207625428,1155.0719169907222,1.4488425467542925,0.07038060673598753,325
326,327,1155.0,2324.0,116015.49912985855,340.61047982417585,111419.71341512697,1952.6649831640962,4595.785714731581,1982.1493474108593,6.61274194681021,0.07038066930372752,326
327,328,3956.0,2331.0,112341.5144442321,335.17385678602955,112178.43179532765,876.9573528699669,163.0826489044557,938.8267747702563,10.23762198158984,0.07873685625850844,327
328,329,368.0,2341.0,111735.71891061551,334.26893234201384,110907.61759285748,933.5522244040917,828.1013177580317,991.5923934857999,8.473432684644163,0.07039545937566727,328
329,330,2112.0,2343.0,111318.27112882936,333.64392904987807,111069.29760893578,745.3144719629819,248.9735198935814,816.5855334925415,9.778258475879142,0.07160283696590294,329
330,331,1616.0,2361.0,111722.4915652537,334.2491458835492,111008.78876075422,735.0567862225618,713.7028044994804,807.4843469044604,8.634847865675882,0.07039845765323408,330
331,332,3995.0,2363.0,112480.66547155107,335.3813735921735,111882.76236089553,820.2004206522288,597.903110655534,886.1204183352656,8.827064341758575,0.07042424270489323,331
332,333,2523.0,2388.0,111545.31530882209,333.98400477371007,111175.18459472308,779.0129787308992,370.1307140990102,847.588659950022,9.34775356120352,0.07065201944615523,332
333,334,1699.0,2389.0,111969.03907616968,334.6177504227848,111205.29503292189,758.6701252905117,763.7440432477888,829.1859851121013,8.561271783924802,0.07039496114358748,333
334,335,979.0,2390.0,118393.366247278,344.0833707234997,111031.2034679933,821.2735591655811,7362.162779284699,890.440129931792,6.101127835038923,0.07038060865335233,334
335,336,567.0,2425.0,114327.00001603542,338.122758721979,110872.96642020032,810.4494485832146,3454.033595835106,878.1544902092104,6.922824980384661,0.07038064522639428,335
336,337,3942.0,2434.0,114051.55531433833,337.71519829327383,111697.71058042406,791.2306828214105,2353.844733914273,860.2892238057506,7.339196843505358,0.0703807780110703,336
337,338,3695.0,2435.0,112578.1687060014,335.5267027016156,111481.97696406642,783.8990677693133,1096.1917419349775,852.6874671738859,8.16892505891144,0.07038418390629037,337
338,339,2426.0,2452.0,112097.41451170221,334.8095193510954,111132.41130457142,772.6760206960605,965.0032071307942,842.0959845568736,8.307319482238347,0.0703864158144365,338
339,340,991.0,2458.0,111527.08435410721,333.95671006077026,111081.80355183821,826.912279280722,445.28080226900056,891.802109113817,9.147056445319915,0.07052418058904775,339
340,341,3604.0,2477.0,113035.25996617888,336.20716746393583,111510.1471796121,775.644456035359,1525.1127865667804,845.37540869871,7.810386468428453,0.0703815451737478,340
341,342,2743.0,2483.0,111550.68553810718,333.99204387812034,111251.62368002938,807.876845969983,299.0618580777955,874.1943054197344,9.579238805820383,0.07105608247556304,341
342,343,1108.0,2492.0,2690510.6787222885,1640.277624021318,114404.26390705234,1930.97890663393,2576106.414815236,2533.612089829496,-0.2587681236796815,0.07038060673598741,342
343,344,173.0,2499.0,134597.51042466692,366.87533325324324,110858.48071584312,759.6199301825529,23739.0297088238,843.5756922056402,4.829983964092075,0.07038060675190631,343
344,345,2015.0,2504.0,113590.8848648717,337.0324681429751,111070.59629876427,803.9042806362602,2520.288566107425,871.6954611605182,7.265015701103811,0.07038074053258753,344
345,346,2668.0,2506.0,112283.83464677702,335.0878006361833,111233.42700152473,802.9819408938773,1050.4076452522859,870.0941509612007,8.215246688864738,0.070385024518889,345
346,347,3017.0,2511.0,115790.68434829141,340.280302729875,111346.00719012463,799.2894485989938,4444.677158166785,868.7084131442604,6.649040820964677,0.07038062047337418,346
347,348,3261.0,2511.0,111503.37286272974,333.9212077313356,111622.22763212715,1229.7630159585697,-118.85476939741056,1274.2921362043598,,0.11441400859350524,347
348,349,630.0,2513.0,122666.38903202259,350.2376176646418,110783.90819895615,807.4297017201462,11882.480833066438,880.11880564347,5.581373567902608,0.07038060701202684,348
349,350,1815.0,2514.0,113184.57737044677,336.4291563839376,110986.04478185781,761.9324197546304,2198.5325885889615,832.9019087133574,7.413309105235406,0.07038081768253972,349
350,351,3191.0,2514.0,115025.23920514778,339.1537101895414,111341.66493271172,813.0340932026274,3683.5742724360607,880.936817169739,6.8529677964308675,0.07038063668128983,350
351,352,3884.0,2515.0,267629.7706963135,517.3294603419254,111706.79061428065,770.9049380398874,155922.98008203288,928.3987257810893,2.7863660573497437,0.07038060673599777,351
352,353,509.0,2517.0,116001.2196222824,340.58951787410814,110869.77345401826,869.1875827571515,5131.446168264141,933.5353628572072,6.493041930801051,0.07038061566532842,352
353,354,4020.0,2523.0,116301.67935359073,341.03031993061103,101863.66718460861,31346.216212346462,14438.012168982124,31348.071272572484,5.369872865184361,0.07038076739627466,353
354,355,3298.0,2553.0,220299.04850505374,469.36025498211,111538.51696297084,841.9567596769035,108760.5315420829,963.9451406187503,3.177463070395955,0.07038060673603459,354
355,356,1164.0,2554.0,122824.17065879103,350.46279522696693,111494.21335940724,1004.0004321572004,11329.957299383794,1063.41009897882,5.633070691266138,0.07038060722352203,355
356,357,421.0,2556.0,111759.10197457386,334.3039063736161,110906.50506171309,821.4010455010508,852.5969128607685,886.8251120524716,8.44178198450404,0.07039117942165639,356
357,358,1314.0,2563.0,112692.87902929983,335.69760033810013,111002.8896458868,766.4923263276861,1689.9893834130344,836.7815516560979,7.698931433070111,0.07038121655843198,357
358,359,1390.0,2584.0,128663.22790165548,358.69656754669165,110982.7573454527,839.2700208685989,17680.47055620278,912.7088229542633,5.149906825621975,0.07038060679655025,358
359,360,21.0,2609.0,288799.92651897203,537.401085030209,111083.02687225073,824.1237950504466,177716.89964672131,983.8597236191735,2.6443195535651007,0.0703806067359943,359
360,361,3772.0,2616.0,112741.33835119315,335.769769842495,111438.44065456482,775.4901010875651,1302.8976966283226,845.0599003768218,7.981365583232536,0.07038236727352395,360
361,362,2954.0,2618.0,112928.73997246563,336.0487175555085,111255.72971008839,794.3706102936042,1673.01026237724,862.5273369980426,7.709894861565413,0.07038128136689419,361
362,363,913.0,2630.0,111347.89632780431,333.68832239887115,111639.74311103838,3179.6217970281036,-291.8467832340684,3197.083462883257,,0.07976437925503561,362
363,364,3123.0,2634.0,117577.64601483764,342.89596877923634,111331.67310855596,794.5103240717559,6245.972906281677,865.3463471129104,6.2796411339334615,0.0703806102313846,363
364,365,376.0,2642.0,111576.71619304206,334.0310106221997,110814.72557337915,837.8526694637625,761.9906196629017,901.9832658008911,8.563767311296353,0.07039774877868644,364
365,366,80.0,2647.0,112226.43107839592,335.0021362808127,110786.0718095927,780.5758373296254,1440.3592688032222,849.4263176612519,7.872464294790483,0.0703817976527877,365
366,367,1007.0,2655.0,111354.75981180025,333.6986064823511,111287.29360828667,1288.2149758948303,67.46620351358433,1330.7338517103942,11.195925693878072,0.3007126167664883,366
367,368,1094.0,2656.0,111366.38136274277,333.7160193867386,110960.28281966591,844.792161619743,406.0985430768633,908.317223182236,9.247062795449391,0.07059578726708086,367
368,369,2667.0,2657.0,118377.9075978777,344.0609073787356,111195.25871580775,762.7120602081663,7182.648882069945,836.7243242390318,6.127929781931566,0.0703806086047031,368
369,370,952.0,2667.0,277336.0352011268,526.6270348907354,111139.7743392292,853.3782513233235,166196.2608618976,1002.7913410622677,2.7170882523385416,0.07038060673599678,369
370,371,3082.0,2670.0,111776.82335797013,334.3304105945578,111321.66002661957,799.6168688799913,455.163331350559,866.6971561311176,9.123223205550977,0.07050482903824508,370
371,372,3522.0,2673.0,111883.88439918654,334.49048488335416,111370.19694185117,815.7507275002945,513.6874573353707,881.6649782625831,8.991893969681175,0.07045987216963331,371
372,373,1953.0,2674.0,111315.83418617412,333.64027629347504,110980.58857652136,730.3156943909282,335.2456096527603,802.9177090081462,9.455233626287926,0.0707422599153368,372
373,374,128.0,2678.0,116584.1986740524,341.44428327388044,110794.47951319792,755.319794219725,5789.719160854482,828.910242499477,6.36199762867587,0.07038061108010932,373
374,375,1617.0,2686.0,111455.64963915886,333.84974166947876,110907.97814334182,786.4596597385192,547.6714958170342,854.3854202927419,8.92234102856096,0.07043822582203149,374
375,376,3246.0,2690.0,157079.22827354967,396.3322204353474,111432.33771850014,794.7846247941662,45646.890555049526,888.1226428621311,4.120113376634027,0.07038060673727808,375
376,377,2874.0,2705.0,114128.10991859197,337.8285209210203,111795.93483554147,3100.605886780482,2332.1750830505043,3118.9557506776946,7.349238496385696,0.07038294279394273,376
377,378,2909.0,2725.0,114266.68930711896,338.03356288472935,111832.73788851334,2980.8045433512993,2433.9514186056185,2999.910401212058,7.302861610203728,0.07038242845051966,377
378,379,2904.0,2745.0,112983.74701010085,336.13055036531296,111340.6537942037,916.8307272509054,1643.0932158971555,976.5051609286621,7.729485867706625,0.07038153616110722,378
379,380,3816.0,2757.0,113301.34818376569,336.6026558651226,111392.37105561915,759.4111907495794,1908.9771281465364,830.6664219595904,7.566639561353576,0.07038097585487595,379
380,381,3445.0,2761.0,220475.46581130466,469.5481515248118,111573.11448692493,814.7253723557272,108902.35132437974,940.34722255162,3.1760482320739385,0.07038060673603207,380
381,382,2437.0,2764.0,112389.55488011093,335.2455139882796,111110.66656019149,743.757081754926,1278.8883199194388,815.8211515460172,8.00155982154456,0.07038237428303498,381
382,383,3928.0,2764.0,111807.91496605493,334.37690586432484,111473.83892989626,781.9450521035064,334.07603615867265,850.4386983695855,9.459028063796595,0.07079190284106879,382
383,384,3655.0,2785.0,112652.45240917441,335.6373826527889,111431.57094544722,789.8652538990222,1220.8814637271862,858.2188368656222,8.051957623925215,0.07038296184935014,383
384,385,3746.0,2792.0,123270.27753852971,351.0986721270529,111449.13695310062,994.1814415916011,11821.140585429093,1054.3562094351862,5.586992918225411,0.07038060714042749,384
385,386,1304.0,2795.0,112622.91641398455,335.593379463207,110936.1653693776,797.7683882065829,1686.75104460695,865.4809746963045,7.701013904517283,0.07038126413049219,385
386,387,171.0,2796.0,119621.05177180479,345.86276400038963,110813.66595665016,771.8387843370276,8807.38581515463,845.7873021799569,5.906523820470063,0.07038060758058771,386
387,388,1599.0,2796.0,112147.080582303,334.88368227603297,110964.04832000549,791.0648327274065,1183.0322622975073,859.028899532952,8.086149903058853,0.07038328305535196,387
388,389,3147.0,2804.0,113849.90801822838,337.4165205798654,111284.94882663789,786.6655742334892,2564.9591915904894,855.974669043616,7.245940224250959,0.0703807269947173,388
389,390,3158.0,2808.0,113512.80551483278,336.9166154076119,111295.5182975434,787.7211674203688,2217.287217289384,856.7481796536422,7.404086490763628,0.07038082247808641,389
390,391,993.0,2814.0,111674.2298864465,334.176943724382,110867.04851853695,850.9487752116564,807.1813679095503,914.2144429788817,8.50121355256733,0.0703945924773093,390
391,392,1580.0,2815.0,111404.43075910406,333.77302302645484,110957.71224912627,828.028416347499,446.7185099777853,892.7684409628096,9.143556503915084,0.07052265006297084,391
392,393,1835.0,2819.0,114940.37724454259,339.0285784951453,110968.66621255998,729.4162045756018,3971.7110319826024,804.3558767945411,6.771197265978992,0.07038062520751642,392
393,394,338.0,2834.0,112066.39241059462,334.7631884717243,110745.02089630689,799.0956380123936,1321.3715142877336,866.3834203435506,7.9660790235107655,0.07038235590633278,393
394,395,3630.0,2834.0,111812.6730921292,334.3840206484788,111459.55436247308,804.9311289545577,353.11872965612565,871.6230811681739,9.398839490366257,0.07072688430544763,394
395,396,429.0,2836.0,111465.80620862695,333.8649526925381,110805.5191384494,804.6199666505925,660.2870701775537,871.1366697420051,8.719309391612484,0.0704089644313581,395
396,397,3747.0,2837.0,112343.56665042299,335.176918460954,112545.03090281787,7966.692451669026,-201.464252394886,7973.740162944188,,0.20868284544370364,396
397,398,3968.0,2848.0,115806.35674052677,340.30333104576385,111458.0046772725,775.6085884149205,4348.352063254264,846.9799522679556,6.672829625524549,0.07038062099089538,397
398,399,3100.0,2853.0,111557.44961515666,334.0021699358497,112047.34281939767,3323.3704164612354,-489.89320424101606,3340.112030236648,,0.07174345901407114,398
399,400,3967.0,2859.0,116397.66433887283,341.1710195550945,111487.74664930486,836.1159837200186,4909.91768956797,903.0435221053065,6.540955844931771,0.07038061670466347,399
400,401,3829.0,2861.0,111708.42574177793,334.2281039355899,111397.27741659204,774.6032850495986,311.1483251858881,843.6342066737272,9.536222704844995,0.07091801034589104,400
401,402,1421.0,2866.0,113219.35973247667,336.480846396704,110936.97552634028,788.5320271820001,2282.3842061363976,857.3226451480194,7.372669490517711,0.07038079915588587,401
402,403,3073.0,2874.0,114384.27662748916,338.20744603609734,111500.48697622489,1156.1826396917977,2883.7896512642765,1204.6337920210246,7.118732426502784,0.07038075579982761,402
403,404,1027.0,2880.0,111340.64854613753,333.6774627079791,110985.899420319,860.7219840753643,354.7491258185328,923.1375753320121,9.39383803915418,0.0707618392057336,403
404,405,2295.0,2892.0,112093.08996281496,334.80306139377586,111080.19838373877,717.1088650757544,1012.8915790761966,791.4153235115434,8.254733972648355,0.07038483401606777,404
405,406,3112.0,2893.0,112095.18657286858,334.80619271194655,111841.00421279551,2991.005051689801,254.18236007307132,3009.6854330498027,9.755777854512043,0.0844004386212407,405
406,407,328.0,2905.0,111209.16638108293,333.4803847990045,110786.66657956547,801.5734697253384,422.4998015174642,868.1757854335781,9.204075100827804,0.07054845186774247,406
407,408,1579.0,2908.0,111343.06941744422,333.68108961084585,111026.04824443413,792.3054623270408,317.0211730100855,859.704027672982,9.51592070255296,0.07089853165980933,407
408,409,2650.0,2926.0,111557.95449807438,334.0029260647083,111213.2389500701,747.3796134758417,344.71554800428567,818.6172739803903,9.424989193457716,0.07071696243354761,408
409,410,2972.0,2934.0,111956.91650163344,334.59963611759247,111375.0675695216,780.7674942690151,581.8489321118395,849.443816033257,8.856615770032885,0.0704253170196878,409
410,411,2532.0,2945.0,255137.0638621243,505.1109431303982,111386.94551974237,723.7309461677811,143750.11834238196,882.5664548978689,2.874620846745957,0.07038060673600037,410
411,412,3894.0,2946.0,113753.16478110307,337.2731311279036,111783.74566007798,2327.2486055396735,1969.4191210250865,2351.5610213148148,7.532795998596857,0.07038321810860639,411
412,413,1354.0,2958.0,111873.68618522424,334.47523952635333,110981.2268553242,786.8234692667532,892.4593299000408,854.9648283088497,8.392170288780513,0.0703887920341889,412
413,414,3922.0,2978.0,113800.09386637458,337.3426946625883,111829.35886419282,2262.1984985157947,1970.7350021817547,2287.212744877339,7.532070798606504,0.07038307055952768,413
414,415,2917.0,2984.0,133121.04166974156,364.8575635167978,111383.56627909641,789.6218713732594,21737.47539064515,869.841216203522,4.925618615635827,0.0703806067600621,414
415,416,1158.0,2999.0,111521.866758063,333.9488983263738,111005.16933796015,855.0146465150672,516.6974201028497,917.9171599053392,8.985550641243332,0.07046453725854813,415
416,417,3985.0,2999.0,122956.06524279874,350.6509164504741,111569.96231484135,780.8109412660733,11386.102927957385,855.9332866575344,5.627703610425186,0.07038060704565546,416
417,418,2101.0,3013.0,111552.93039699545,333.99540433520946,111122.35569793325,738.4688872124938,430.5746990621992,810.4870310485535,9.183520107179085,0.07051624955586434,417
418,419,396.0,3019.0,112398.7458198952,335.25922176238475,110871.68634959175,836.653767058888,1527.059470303444,901.3258410311711,7.809001497253284,0.07038166807362464,418
419,420,2978.0,3024.0,113138.19142885339,336.3602104624855,111419.94479801031,796.7824279485066,1718.246630843074,864.8701802408756,7.680927621452241,0.07038121637810035,419
420,421,1222.0,3031.0,123876.916315879,351.961526695377,111071.17381145319,839.644608367303,12805.742504425813,910.428462117712,5.500129461832626,0.07038060695495992,420
421,422,1788.0,3036.0,111243.81470753168,333.5323295155423,110969.62540554673,768.1797450641631,274.1893019849522,837.4627965222735,9.673515109078302,0.0712567020470536,421
422,423,2214.0,3044.0,111347.65238151918,333.68795612864955,111049.55811889445,757.151891741378,298.094262624727,827.4216816308736,9.582757330701716,0.07099390003818384,422
423,424,2791.0,3044.0,113522.41009132125,336.93086873116556,111301.34937349732,770.9032772606159,2221.0607178239297,841.3169873448985,7.402240296100163,0.07038081336626148,423
424,425,3841.0,3052.0,112035.77305105119,334.7174524788274,111470.56894272572,788.794677280324,565.2041083254735,856.8738623039487,8.888128099072164,0.07043170097498937,424
425,426,657.0,3085.0,111516.69793606589,333.94115929272505,110912.44183548384,840.425150027544,604.2561005820462,904.3401631402804,8.815588764613903,0.07042417417799118,425
426,427,2284.0,3087.0,111701.28351489842,334.2174195314204,111050.16398240016,781.3359342750323,651.1195324982546,849.8159363695642,8.734489564855402,0.07040914554221339,426
427,428,3313.0,3089.0,366994.5847310523,605.8007774069465,111774.13579348222,849.243422586375,255220.44893757007,1043.1725517444759,2.251352703318437,0.07038060673598924,427
428,429,2370.0,3090.0,115965.7498136809,340.53744237755086,111212.05206391944,786.8026430725085,4753.697749761457,857.3354937286389,6.576062461731457,0.07038061696167015,428
429,430,1883.0,3091.0,114154.403567291,337.8674354430152,111012.30216276676,834.8906078025166,3142.1014045242337,900.6646051276222,7.025590881871453,0.07038066585977117,429
430,431,2605.0,3101.0,112902.14871871904,336.00915010810576,113432.14148538011,14423.81776929122,-529.9927666610747,14427.73097859388,,0.08713025859322035,430
431,432,2635.0,3110.0,127266.4776979135,356.74427444585825,111479.62530266006,1563.0882625152817,15786.852395253445,1603.281445586814,5.272902502990611,0.07038060702999216,431
432,433,2916.0,3115.0,114593.4952784875,338.51661058567674,111295.87976817245,779.6524692233476,3297.6155103150522,849.971451525566,6.973141331129886,0.07038065013955953,432
433,434,1922.0,3117.0,111921.89895878197,334.54730413389507,111084.97312440698,1597.0014339474415,836.9258343749825,1631.6664728839166,8.461923939122302,0.07041914684947388,433
434,435,2052.0,3136.0,111410.8926927025,333.78270263333303,110992.92439928882,768.5936552177337,417.96829341367993,837.942181429106,9.215783029101914,0.07054386243346193,434
435,436,587.0,3140.0,116447.78313215572,341.2444622451205,110930.84835573536,1120.6356641638592,5516.934776420356,1171.440171246033,6.414396750054485,0.0703806172596228,435
436,437,3111.0,3151.0,112358.36964959849,335.1990002894463,111433.64521673394,777.3340039407777,924.7244328645465,846.5261504984032,8.353610542450621,0.07038756862259826,436
437,438,2712.0,3161.0,112935.5672900689,336.0588747941699,111244.40509285938,793.3258555877254,1691.1621972095163,861.5691965663119,7.698178218420614,0.07038125143096453,437
438,439,576.0,3183.0,111733.79894474722,334.2660598977519,111517.47860333766,5009.018635708497,216.3203414095624,5020.159508588803,9.930897974755231,0.12830682724983233,438
439,440,842.0,3187.0,112759.41925776219,335.7966928318969,110966.34951665324,831.4472358059612,1793.0697411089495,896.6961162212162,7.634648419752189,0.07038115934395658,439
440,441,2199.0,3190.0,122816.94096469725,350.4524799304968,110993.33504281763,774.4105033324446,11823.605921879614,850.0168047521446,5.586766508096622,0.07038060699863428,440
441,442,1548.0,3194.0,112334.83243101959,335.1638887715534,110971.30285985018,800.1877987523695,1363.5295711694052,867.545587049253,7.9319799714312875,0.07038215355175832,441
442,443,2748.0,3201.0,112163.81788980577,334.908671212598,111271.32216878733,781.890799115838,892.4957210184366,850.5980483138859,8.392126017464259,0.0703887073175467,442
443,444,3153.0,3213.0,115213.98421873793,339.4318551836272,111419.00316089745,773.5130977919572,3794.981057840472,844.7108953772935,6.820617342703816,0.07038063117561952,443
444,445,1053.0,3217.0,113120.12545894452,336.33335474065075,111923.32761143583,5754.1518929996955,1196.7978475086857,5763.972946954477,8.073589375423111,0.07049556048577456,444
445,446,1794.0,3234.0,111569.01753073806,334.0194872515204,110955.27128797898,773.8038816624675,613.7462427590799,842.8175752437004,8.798669257811774,0.07041616324289755,445
446,447,3741.0,3235.0,111870.77753331908,334.47089196827613,118115.43043178637,35500.25051862447,-6244.652898467291,35501.8261172953,,0.07038649472515586,446
447,448,2637.0,3245.0,111613.28456872926,334.08574514014515,111158.17517103633,749.5398807102289,455.109397692926,820.6237370932857,9.123351865287663,0.07049203574677383,447
448,449,1061.0,3249.0,116624.16397881643,341.50280225678176,111275.99978848443,2230.289742728815,5348.164190331998,2256.2837810148344,6.448129544552174,0.07038065094241067,448
449,450,3712.0,3255.0,146501.8989821681,382.75566476700243,111590.68584177698,848.9960840100013,34911.213140391104,931.2874151278686,4.411229022714117,0.07038060674013527,449
450,451,2758.0,3273.0,111710.41880951799,334.2310862934072,111636.7554620505,1623.2910696340418,73.66334746748907,1657.342546306738,11.10051274769086,0.3134324819023313,450
451,452,948.0,3288.0,111542.42737724498,333.97968099625405,111281.5678279671,1896.6780155987267,260.85954927788407,1925.8582300298958,9.727624525096612,0.07585782622515967,451
452,453,2741.0,3295.0,111574.4586453673,334.0276312262625,111648.0843539916,1666.4059254701003,-73.62570862429857,1699.553814053703,,0.3213301438298764,452
453,454,1195.0,3298.0,111191.51079959117,333.45391108272116,111051.38197066128,898.0021407027523,140.12882892988273,957.9140647903073,10.402322642529047,0.0856343647830079,453
454,455,2775.0,3301.0,113046.42753839743,336.2237767082731,111481.01768272142,989.0032515082826,1565.4098556760146,1044.592676366214,7.782071214557412,0.07038189764226657,454
455,456,2680.0,3302.0,116076.47359170964,340.69997572799844,111286.43588106039,750.0611856345473,4790.037710649252,823.8132407630759,6.567794042711028,0.07038061589436985,455
456,457,2785.0,3307.0,112988.41047322424,336.13748780479125,111380.73473174719,944.5677993459968,1607.6757414770545,1002.5950021165353,7.753145227330457,0.07038167571932478,456
457,458,3804.0,3308.0,176557.65796498387,420.1876464049236,111647.8769405737,777.9579295471118,64909.78102441017,884.181089108186,3.737866013921531,0.07038060673630028,457
458,459,3213.0,3309.0,221519.56603850494,470.6586515641352,112288.97643489024,1461.618101259845,109230.5896036147,1535.5282609651326,3.1727806792593825,0.07038060673610508,458
459,460,940.0,3317.0,113212.38213546375,336.47047772959354,111062.4952074908,999.3469448199849,2149.8869279729406,1054.4698660960487,7.437602326344257,0.0703809764975193,459
460,461,2006.0,3317.0,111604.87065379127,334.0731519889415,111009.21782850543,779.6066866580792,595.6528252858407,848.1694740803956,8.831158358835154,0.07042119348298138,460
461,462,2248.0,3323.0,112509.5892541067,335.42449133711784,110980.88128613662,752.5061999817933,1528.7079679700837,823.8781283659634,7.807830050924389,0.07038148969817226,461
462,463,3226.0,3335.0,113572.21479512673,337.0047695262207,377394.53109368385,1607755.5784759468,-263822.3162985571,1607755.6137960586,,0.07038061052661343,462
463,464,1918.0,3343.0,113160.74869865223,336.3937415709577,110986.36457175891,760.5735852254062,2174.3841268933174,831.6447125490166,7.4253007014090855,0.07038082654571344,463
464,465,1097.0,3349.0,112198.37406315189,334.9602573649617,111053.45652225698,853.3266338304143,1144.9175408949086,916.7140873894909,8.121705851232438,0.07038408111547745,464
465,466,2495.0,3352.0,112274.46481846194,335.0738198753937,111273.52221654565,767.6218566308498,1000.9426019162929,837.566582155282,8.267618438990903,0.07038557155780217,465
466,467,3773.0,3357.0,117907.42627631783,343.37650839217474,111675.15556939531,876.6393121791432,6232.270706922514,941.4902602648222,6.2820256009097015,0.07038061091009282,466
467,468,761.0,3360.0,111484.85665333443,333.893480941389,110925.0306005521,835.5694717127981,559.8260527823295,899.8117573545936,8.89850861027161,0.07043914331475651,467
468,469,443.0,3368.0,2038310.398801018,1427.6940879383196,114772.27301141452,9157.011977047316,1923538.1257896035,9267.641488346537,0.05838937715818915,0.07038060673598745,468
469,470,3197.0,3369.0,143255.3730006464,378.4909158042953,130966.15541416651,84888.97526464149,12289.217586479877,84889.81904123875,5.5448307897721065,0.070382851260505,469
470,471,3136.0,3375.0,113318.31276583226,336.6278549478293,111703.17907974713,844.8366327201155,1615.1336860851297,909.4323772071457,7.748120186222551,0.07038147015430275,470
471,472,3219.0,3376.0,1720101.5461477493,1311.5264248853143,113764.30165068014,1351.466235518619,1606337.2444970692,1883.2319424115876,0.25404955143959107,0.07038060673598742,471
472,473,480.0,3391.0,123454.39768386362,351.36078022037384,373894.27177942696,1723281.063016108,-250439.87409556334,1723281.0988356848,,0.07038061209908036,472
473,474,2703.0,3394.0,111677.67492531342,334.18209830230666,111221.67346888634,751.0119170298743,456.0014564270823,822.007648593746,9.121225799574471,0.07049153996777703,473
474,475,2151.0,3397.0,111696.54670942057,334.2103337425792,110951.76196568097,745.7741877060338,744.7847437395976,817.236615815102,8.588564444173757,0.07039602523066087,474
475,476,3980.0,3456.0,112673.5325618897,335.6687839419365,111583.46499994771,817.7198076506575,1090.0675619419926,883.9339434241037,8.175007833560258,0.07038453798747171,475
476,477,1887.0,3460.0,111517.63342599607,333.94255974691305,110962.07952716333,768.3376802606637,555.5538988327462,837.7711048482505,8.906825874521736,0.07043293080939692,476
477,478,4043.0,3460.0,105005.95304082303,324.04621989437373,102112.07622838167,31210.498512117585,2893.876812441362,31212.180688435114,7.114941274040211,0.07047922126642467,477
478,479,1843.0,3483.0,112027.83552130967,334.7055946740099,110991.53577902413,783.545080972717,1036.2997422855406,852.0391593246312,8.22992789860606,0.07038507851930002,478
479,480,3710.0,3493.0,145678.96847148912,381.6791434209444,111541.10561039345,811.9849198433533,34137.862861095666,897.2170743892265,4.435550550452495,0.07038060674019823,479
480,481,2123.0,3496.0,115668.06788252419,340.1000846824362,110983.74382591016,741.01926967901,4684.32405661403,815.3389636443322,6.592024045295298,0.07038061654455605,480
481,482,2654.0,3501.0,113360.45927310607,336.6904500779483,111228.50207312813,739.383081777241,2131.9571999779437,812.4332592847869,7.4466951695324735,0.07038083371084841,481
482,483,3789.0,3503.0,112102.00002723892,334.81636760982565,111520.21912034258,811.0271986925427,581.7809068963397,877.420718377741,8.856742713218617,0.07042833192839378,482
483,484,2283.0,3511.0,111564.55215211437,334.0128026623885,111097.10823070389,759.7023855594769,467.44392141047865,829.8869001057576,9.094317582394401,0.07048301167702582,483
484,485,2407.0,3515.0,111496.40041504859,333.91076736765876,111080.00235939697,762.4840565456306,416.39805565161805,832.3931385170946,9.219869641662436,0.07054415084876671,484
485,486,1677.0,3520.0,111509.3172565225,333.93010887470933,110950.28967927664,829.9634622603969,559.0275772458554,894.6220801547101,8.900058292772474,0.07043880148248965,485
486,487,3210.0,3527.0,111698.46506303843,334.21320265155384,111433.0017186996,787.7797511784806,265.4633443388302,855.7426021844637,9.708629970519052,0.07142049922922032,486
487,488,891.0,3528.0,111566.0985255095,334.015117286176,110964.75174017996,849.1659659674035,601.3467853295442,912.495992502461,8.82082888981455,0.07042582766246233,487
488,489,1211.0,3533.0,111610.27000134971,334.0812328324736,111008.48241654411,877.9458168279724,601.7875848055992,939.3610208096784,8.82003331455133,0.07042838845560032,488
489,490,738.0,3560.0,111542.80126446646,333.98024089666274,110992.71898459586,825.9495394237831,550.0822798705922,890.9183144282939,8.917572236515403,0.07044216583614533,489
490,491,295.0,3576.0,112758.87166607913,335.79587831410447,110821.54261182828,827.666296768483,1937.3290542508475,893.1911165585982,7.550632894838836,0.07038100907392,490
491,492,1152.0,3583.0,111539.93944146071,333.9759563377496,112600.04641995608,11240.827863130895,-1060.1069784953725,11245.788144365499,,0.07108842155569076,491
492,493,3456.0,3599.0,113846.2577654137,337.4111110208686,111488.24364323658,847.8518678593489,2358.014122177119,912.5234504783555,7.337275369578219,0.07038079808175852,492
493,494,1901.0,3603.0,111451.12509453701,333.84296479948955,110937.44804198483,783.9726700355766,513.6770525521861,852.0940514455104,8.99191596158317,0.07045465297560434,493
494,495,1735.0,3611.0,112835.43392539657,335.90985983127337,111057.04211906847,837.6920491276876,1778.3918063281017,902.5316632138786,7.6435727521104315,0.07038118527188543,494
495,496,2871.0,3616.0,112398.64143614791,335.2590662455599,111409.9885091126,793.6435612451558,988.6529270353058,861.5501980765474,8.281031732776217,0.07038612605779446,495
496,497,1169.0,3623.0,123645.32992052622,351.63237865198704,111178.31476864469,1007.2944702538865,12467.015151881526,1066.9055626064157,5.529235155731266,0.07038060707073619,496
497,498,2192.0,3633.0,111661.8122080791,334.1583643805352,111046.04846449122,767.4235889671706,615.763743587886,837.0189826931809,8.795106089259626,0.07041521855160617,497
498,499,598.0,3634.0,118934.49817488116,344.8688122629243,110997.56374157468,853.1615711821157,7936.93443330648,920.227778440521,6.019509392405185,0.07038060825197799,498
499,500,3576.0,3635.0,116249.30628387687,340.9535248339721,111626.10993295697,817.4236117562966,4623.196350919898,885.6809059437935,6.606285527306929,0.07038061893436773,499
500,501,1823.0,3639.0,111254.3398049199,333.54810739263326,111071.22067180378,800.1844340759752,183.11913311612443,866.9195282623966,10.111807064667914,0.07497872112272091,500
501,502,258.0,3644.0,111454.98433940386,333.8487449837149,110894.09120336048,919.2069688059236,560.893136043378,977.9552321188203,8.896441060627287,0.07044922232496481,501
502,503,2687.0,3671.0,112360.29807353311,335.20187706688205,111347.36638099229,800.9311063731243,1012.9316925408202,868.2458957836991,8.254690975175222,0.07038569378758848,502
503,504,125.0,3672.0,112367.92818084802,335.2132579273883,110924.48252640074,825.3051729291765,1443.4456544472778,890.7842369249423,7.8701402805078065,0.07038190527884684,503
504,505,2875.0,3675.0,113850.32085372157,337.4171318978298,111350.02451457588,800.1801392647637,2500.296339145687,868.4115246655437,7.273662661474797,0.07038074382472954,504
505,506,1859.0,3679.0,112310.95167906902,335.12826117263904,111590.08821387125,4000.96736014326,720.8634651977773,4014.978302353367,8.624008836062703,0.07080343958557944,505
506,507,2074.0,3686.0,111430.17919254016,333.8115924191815,111100.25709087585,777.4888769391861,329.92210166431323,846.1200464458849,9.472612848614165,0.07080858024847005,506
507,508,276.0,3690.0,113487.51575091569,336.87908206166065,110888.82161068683,852.3319251437647,2598.6941402288503,916.4918038640516,7.231753456134844,0.07038073757977173,507
508,509,3532.0,3697.0,115048.23113397665,339.18760517379485,111590.60106963558,842.4288039352903,3457.630064341065,908.14895320282,6.921695059540533,0.07038064772967072,508
509,510,458.0,3700.0,115085.72222632903,339.24286642329923,110973.75895768292,890.9237635645565,4111.963268646112,953.3262164144707,6.733518307638781,0.07038062932010335,509
510,511,1845.0,3704.0,117408.0701743516,342.6486103361352,111202.9407542827,961.5621659816536,6205.129420068901,1020.788846536155,6.286764264015696,0.07038061172926188,510
511,512,3174.0,3711.0,112575.8544923012,335.5232543499765,111471.39941294963,802.422325866219,1104.4550793515664,869.7456198556861,8.160771231877025,0.07038421832337939,511
512,513,2429.0,3713.0,111698.89105431359,334.21384075169703,111100.14928464791,810.6234166761633,598.7417696656776,876.8176634932358,8.825542482408625,0.07042309277934106,512
513,514,959.0,3716.0,112938.04356519156,336.0625587692861,111073.53057631124,865.948864891504,1864.5129888803203,928.8732314010583,7.592227841077866,0.07038111392130786,513
514,515,3750.0,3737.0,130103.1080662639,360.6980848020933,111516.64938841054,842.0726220268823,18586.458677853356,916.072818692448,5.0956497477483795,0.07038060678594373,514
515,516,1517.0,3751.0,111386.92473020841,333.74679765978436,111037.06144751655,857.0338225144314,349.86328269186197,919.7249033715783,9.408895457194976,0.07078055810872887,515
516,517,3905.0,3759.0,475887.1018959035,689.8457077530368,112103.71317956733,916.7050524459796,363783.3887163362,1147.2729638953733,1.8665342135361112,0.07038060673598795,516
517,518,171.0,3765.0,113141.4024195662,336.3649835827027,110682.58305306599,824.0960964534237,2458.819366500218,890.0987464154539,7.2918248111990565,0.07038076072381817,517
518,519,2876.0,3766.0,112923.4954270674,336.0409128616326,111197.06063339613,814.5242059537602,1726.434793671273,881.1204101605426,7.675765924051711,0.07038122758341364,518
519,520,708.0,3767.0,112370.96513861495,335.21778761650774,110941.34404443993,916.0802763626621,1429.6210941750178,975.4865646820551,7.880589004995773,0.07038222507982679,519
520,521,3469.0,3770.0,225338.51953341736,474.69834586112717,111786.12793914774,881.342286009021,113552.39159426962,1001.0508202238772,3.130650660019178,0.07038060673603024,520
521,522,1597.0,3778.0,111392.10245319837,333.75455408781863,111041.79039118021,936.4513023049491,350.31206201815803,994.1494575580645,9.407503645749708,0.07084530239492866,521
522,523,753.0,3779.0,111488.65977183313,333.89917589114543,111029.394676741,1029.3848582674593,459.2650950921379,1082.1838319301871,9.113482775052924,0.07056736915077783,522
523,524,2553.0,3785.0,111703.5958635794,334.2208789519454,111009.22032995848,777.780516204759,694.3755336209142,846.5495421504594,8.664655348893058,0.07040250332984838,523
524,525,1288.0,3790.0,134814.85934106616,367.171430272536,110966.12295691262,879.6485408157442,23848.73638415354,953.2032388570907,4.824977941321801,0.07038060675594125,524
525,526,1635.0,3793.0,111377.05979778059,333.7320176870426,111007.09071288056,894.8841942929329,369.9690849000326,955.0888863476405,9.34822778556111,0.07072565476888636,525
526,527,3236.0,3797.0,150134.72108356596,387.47222026896645,111518.95694990044,1068.1297537241699,38615.76413366552,1136.2376037920142,4.301729791148521,0.07038060674011215,526
527,528,1860.0,3803.0,111447.50621898028,333.83754562543936,111036.64095661105,1164.0811931527064,410.86526236923237,1211.0047609819896,9.234392813230292,0.07074526609390037,527
528,529,3779.0,3812.0,112022.51567954491,334.6976474888208,111526.50018972313,826.0292556048072,496.0154898217879,891.261379366111,9.02990327631105,0.07047377303930812,528
529,530,2751.0,3816.0,121207.94286446946,348.14931150813794,111135.70755242868,834.9566917008148,10072.235312040779,904.632864823935,5.760826715485665,0.0703806073008701,529
530,531,344.0,3819.0,111181.63600507898,333.43910412171863,110671.55045991394,830.1203420520748,510.0855451650423,894.5844948612444,8.999533832377736,0.07046453897008047,530
531,532,3239.0,3821.0,117506.58517672001,342.7923353954852,111912.32402721733,2755.9623887017947,5594.2611495026795,2777.1991777949224,6.39928453372286,0.07038066268081462,531
532,533,1834.0,3838.0,111832.72420013075,334.41400175853676,110989.76205077016,923.5076705562458,842.962149360581,982.1909906674882,8.454121187993728,0.07039417845068624,532
533,534,3542.0,3853.0,117153.91447898195,342.2775405433554,111536.9732343363,892.9967770456536,5616.941244645655,956.3457317175275,6.394891671449885,0.07038061326349374,533
534,535,3701.0,3855.0,111775.39983789541,334.32828192762537,111452.8398409431,847.3523783309653,322.5599969523173,910.9234068569217,9.49711510816852,0.07092306739072678,534
535,536,1097.0,3857.0,112328.07126199215,335.1538025596724,110930.15110613796,898.4355041477319,1397.9201558541972,958.9131485611181,7.904935457015546,0.07038231730578794,535
536,537,2063.0,3866.0,132047.9637188247,363.3840445216399,110921.02673957548,814.5649216782756,21126.93697924922,891.9439306602408,4.956550031901353,0.07038060676435653,536
537,538,1198.0,3877.0,111255.57204582857,333.5499541974997,110892.12809463205,902.556001463794,363.44395119651745,962.2177028736617,9.367547760775214,0.07075657869214293,537
538,539,1701.0,3879.0,111530.08970278659,333.96120962576833,110906.21883618124,844.3813032085684,623.8708666053426,908.0252610709169,8.780904610212009,0.0704192625468522,538
539,540,2841.0,1906.0,6531584.758374836,2555.6965389630577,122721.891674941,5754.787000169456,6408862.866699895,6296.757754319848,-1.2483110732428386,0.07038060673598741,539
540,541,2526.0,1758.0,10829544.763260031,3290.8273700625464,141352.6094697072,16589.8344847673,10688192.153790323,16913.076391110135,-1.80361925853558,0.07038060673598741,540
541,542,3998.0,2240.0,2834052.2081764266,1683.4643507520468,115506.12796598222,2118.1626764415755,2718546.0802104445,2705.6728080318853,-0.31720037308663507,0.07038060673598741,541
542,543,2655.0,2041.0,1558425.3002908952,1248.3690565165941,113651.3895945179,1194.2955949823906,1444773.9106963773,1727.647900893719,0.369141647288977,0.07038060673598742,542
