,id,xcenter,ycenter,aperture_sum,aperture_sum_err,total_bkg,total_bkg_err,corrected_sum,corrected_sum_err,abs_magnitudes,abs_magnitudes_err
0,1,3290.0,32.0,384767.6170198387,620.2963949925564,384447.0040212312,1632.3898967422895,320.61299860751024,1746.271568979769,15.473490376312675,0.08400291558025656
1,2,152.0,34.0,382595.01740009943,618.5426565494619,381830.073795789,1716.6261088681094,764.9436043104506,1824.664411780679,14.52936964661801,0.08232625391422334
2,3,3607.0,35.0,387903.23731268424,622.8187829629328,384321.3249164794,1719.9246540924935,3581.9123962048325,1829.2195199501375,12.853155791270595,0.08226729808837224
3,4,2452.0,42.0,384829.8612825663,620.3465663128235,384545.9524878351,1672.7744920997382,283.90879473119276,1784.0976329101632,15.605496076211084,0.08519274771772725
4,5,2978.0,47.0,386595.59776021703,621.7681226823308,384415.74914865394,1695.6035603558532,2179.848611563095,1806.0085914179244,13.392377357964408,0.08226805250763818
5,6,1466.0,58.0,384397.773893849,619.9982062265974,383032.18631625595,1622.2701244983214,1365.5875775930472,1736.7089947840996,13.900144297593112,0.08227244569643404
6,7,2322.0,66.0,386770.4532706634,621.9087168668477,384412.0646941743,1617.2985900746546,2358.3885764891165,1732.75075575584,13.306904784840468,0.0822677644112665
7,8,3656.0,73.0,395246.65255126747,628.6864497182685,384119.82859392936,1756.9606188665584,11126.823957338114,1866.0539296352936,11.622515148916758,0.0822671759270159
8,9,2093.0,81.0,384295.88431692345,619.9160302316694,384153.10067378066,1648.3882886554204,142.78364314278588,1761.1018808446424,16.351747044128373,0.11928908573574078
9,10,2738.0,88.0,385135.82926742086,620.5931272667827,384247.80912293127,1710.6948044108692,888.0201444895938,1819.7836529239148,14.367386146886165,0.08229953437871462
10,11,413.0,91.0,387003.91017281055,622.0963842463749,382061.5646079757,1733.7046060577002,4942.345564834832,1841.9379936246764,12.50361042211223,0.0822672091052715
11,12,507.0,93.0,382724.04214420577,618.6469455181502,382041.7530754773,1677.3351796735058,682.2890687284525,1787.7855990496425,14.653522157982636,0.08235676551331984
12,13,3639.0,95.0,384263.83142757753,619.8901763405387,384911.1291221535,5104.040688818472,-647.2976945759729,5141.545991609726,,0.08317733685128209
13,14,3388.0,99.0,384423.86738917115,620.0192475364787,384330.2009779017,1660.5834833711103,93.66641126945615,1772.5578615550558,16.809483488710008,0.21814482777402916
14,15,3299.0,100.0,387065.4499450561,622.1458426836209,384304.0165352199,1678.4099199236553,2761.4334098362015,1790.007069501862,13.135606753840182,0.08226750944519948
15,16,1139.0,128.0,382753.8659502303,618.6710488587429,382640.98661546595,1719.912868816406,112.87933476432227,1827.8003564438477,16.60690708795742,0.1653654326116463
16,17,1919.0,128.0,388399.7791090652,623.217281993154,383467.2412359127,1727.729839210696,4932.537873152469,1836.6954504963396,12.505767119862213,0.08226720918294461
17,18,1731.0,132.0,385632.23793305334,620.992945696433,383133.68338600843,1676.5470991486172,2498.554547044914,1787.8597300315191,13.24422110334477,0.0822676730330783
18,19,2961.0,151.0,387161.25092759123,622.2228295755995,384023.43660898897,1696.455613939838,3137.8143186022644,1806.9651074973913,12.996875090074573,0.0822673792536497
19,20,747.0,162.0,593741.2130346042,770.5460478987501,382355.6004259928,1607.8183658519295,211385.6126086114,1782.924874890457,8.425754628997526,0.08226717454630139
20,21,3425.0,162.0,384479.4723996428,620.0640878493388,384234.3813351681,1712.3861478106337,245.09106447472004,1821.1935076356312,15.76512449613314,0.08767594666657569
21,22,2853.0,172.0,384112.2985243183,619.7679398652326,383896.03614897205,1749.14719643614,216.26237534626853,1855.7015422974684,15.900990769207493,0.09133567606365965
22,23,3438.0,178.0,384625.7276259118,620.1820118725702,384260.2234108879,1684.2963960942247,365.504215023946,1794.848204653057,15.331212217131414,0.08335701300758701
23,24,2518.0,217.0,406141.4375493567,637.2922695510683,383880.5923911451,1657.534809745747,22260.845158211596,1775.8274359713055,10.869589069250793,0.0822671746243427
24,25,463.0,221.0,383377.49184409785,619.1748479429216,381932.8817343327,1792.6163131540047,1444.6101097651408,1896.53651125176,13.839066566627842,0.08227219392530462
25,26,2258.0,225.0,383855.8395126643,619.5610058482702,383704.7714172513,1635.214478400437,151.06809541297844,1748.6515462887778,16.290511306515114,0.1124230169308117
26,27,2101.0,228.0,386550.37109310995,621.7317519504788,640592.7641202094,1420751.988872669,-254042.39302709943,1420752.1249099069,,0.0822671774917662
27,28,3677.0,235.0,446533.0542710619,668.23128797026,383903.4580485176,1809.3061452806337,62629.59622254432,1928.7617223422542,9.746494161777974,0.08226717454776127
28,29,2110.0,239.0,385400.3959785688,620.806247535176,638065.4067212214,1420101.3459189096,-252665.01074265258,1420101.4816135836,,0.08226717755376486
29,30,979.0,250.0,383519.0747669159,619.2891683126707,382350.03710910724,1761.8287286466973,1169.0376578086289,1867.5008816796412,14.068871938319923,0.08227852259252214
30,31,2073.0,252.0,1724197.206696397,1313.086897770488,384969.08131165244,1971.0004784504683,1339228.1253847445,2368.3412100346727,6.421306787620299,0.08226717454629173
31,32,2865.0,259.0,383988.37942011515,619.6679587532471,383945.32764381554,1763.3847320042482,43.05177629960235,1869.0944577979762,17.653465503782055,1.0117878271272003
32,33,2291.0,262.0,383619.8674073693,619.3705405433661,383624.4660117744,1651.964809830913,-4.598604405065998,1764.2583709345597,,83.42770482034564
33,34,3811.0,268.0,384905.9462307836,620.4078871288476,383946.34674980195,1783.0876105340967,959.5994809816475,1887.9373329779448,14.283218180237624,0.08229271867739452
34,35,482.0,281.0,392716.6510764576,626.671088229397,381876.4821153889,1751.4997592763298,10840.168961068674,1860.2333347103686,11.65085306269257,0.0822671760694115
35,36,3788.0,283.0,384678.8108183583,620.2248076023378,384011.6508712852,1839.7575582775567,667.1599470731453,1941.4908408758342,14.67786827734422,0.08238272970740482
36,37,57.0,288.0,388733.7883639146,623.485194595202,381829.8422217108,1723.7248334364385,6903.946142203815,1833.01966418391,12.140699704280252,0.0822671835348092
37,38,2003.0,291.0,383631.3482050004,619.3798104683117,383596.6839419143,1743.4765029518296,34.66426308610244,1850.2274633030672,17.88873826089083,1.5419849806732255
38,39,2299.0,315.0,383495.53543413454,619.2701640948787,383516.6464265198,1669.9028267143235,-21.11099238524912,1781.0308775556325,,3.9971105024766627
39,40,876.0,317.0,382439.2394579246,618.4167195885918,382174.09262863523,1699.2522686498519,265.1468292893842,1808.2857936671357,15.679727096102194,0.08619441501450228
40,41,2050.0,323.0,384045.05038119736,619.713684624988,383765.95970090776,1776.58730928342,279.0906802896061,1881.5704925456237,15.624079855534895,0.08574038286404807
41,42,3769.0,330.0,384578.7523126871,620.1441375186448,383824.53585821687,1794.9110510512287,754.2164544702391,1899.0219673517656,14.544703183685092,0.0823348826586618
42,43,3334.0,346.0,389101.006292585,623.7796122742247,384012.5422294965,1701.8016928078728,5088.464063088468,1812.5203464603435,12.47197641200861,0.08226720432886904
43,44,78.0,348.0,381987.7244400672,618.0515542692328,381574.48811798036,1781.1776720494645,413.2363220868283,1885.3598126464253,15.197946972350936,0.08300473140434649
44,45,1836.0,351.0,383547.8314040372,619.3123852764398,382978.6459708765,1771.6703095035073,569.1854331606883,1876.7960773970747,14.85030874897884,0.0824708905302062
45,46,1753.0,369.0,384362.7848037423,619.9699878755929,382957.88921209145,1989.9682588008538,1404.8955916508567,2084.3071887083643,13.869333066851098,0.08227395209718004
46,47,3378.0,371.0,384271.6496433684,619.8964827505148,383953.9121066133,1766.2415894023077,317.7375367550994,1871.8656472783641,15.483271880303558,0.08433068105836745
47,48,613.0,385.0,383090.05933172925,618.94269451785,381865.45797720907,1662.388006364273,1224.6013545201859,1773.872583586769,14.018456352562689,0.08227567783411285
48,49,1633.0,389.0,382992.29598788946,618.8637137394699,382774.8778860646,1692.9018188640684,217.41810182487825,1802.472985788325,15.895203941728816,0.09067444850194203
49,50,474.0,390.0,385647.8503423638,621.0055146572867,381830.96189768764,1763.0613964575437,3816.8884446761804,1869.2333553929498,12.784169523462142,0.08226727459980299
50,51,2485.0,394.0,383803.2645806945,619.5185762993549,383538.3603551919,1702.54219242578,264.9042255025706,1811.7541729964253,15.680720976713381,0.08622327853894433
51,52,1334.0,400.0,382709.384989375,618.6350986854661,382596.06397996773,1662.2166335929003,113.3210094072856,1773.6046691183722,16.602667105372277,0.16075823897683095
52,53,1270.0,404.0,382526.95377147227,618.4876333615646,382469.7464876374,1688.331650764814,57.207283834868576,1798.0519223858444,17.344814870655835,0.5555388587041576
53,54,3627.0,407.0,384314.7365202954,619.9312361843357,383912.60038714076,1773.70184674091,402.13613315462135,1878.918034063528,15.227510447394792,0.08308360095344637
54,55,1075.0,414.0,382989.7709683002,618.8616739701739,382213.01076527336,1772.2232676702743,776.7602030268172,1877.169433477189,14.512725774785583,0.08232598402122024
55,56,1705.0,414.0,385990.11825550336,621.2810290078818,383393.76827673893,3594.3672983780416,2596.349978764425,3647.665882815277,13.202535107661848,0.08226895411964424
56,57,1743.0,416.0,386047.64929771377,621.3273276782085,383532.7338956596,3604.516384123574,2514.9154020541464,3657.67494612835,13.237134739663066,0.08226920715953101
57,58,1870.0,419.0,418280.4722301366,646.7460646347631,383108.59159995423,1697.7882339692678,35171.88063018239,1816.8008585216594,10.372954214893207,0.0822671745594009
58,59,3501.0,437.0,384247.1161481638,619.8766943133442,383839.6752979802,1650.81573193053,407.44085018360056,1763.360342341341,15.213281767768844,0.08295009233848828
59,60,2276.0,443.0,383460.26123143616,619.2416820576578,383380.62285762676,1658.7286631810264,79.63837380940095,1770.5482311577712,16.985637233013136,0.29103558670282537
60,61,243.0,448.0,392741.8916107062,626.6912251196884,381412.34656401066,1839.4490583070788,11329.545046695566,1943.274229168085,11.602912014916841,0.08226717593932573
61,62,1300.0,458.0,392443.9811626825,626.4534946803891,382608.32459766156,1758.9411095889322,9835.656565020967,1867.1683930484728,11.75643480142864,0.08226717681039881
62,63,2536.0,471.0,401973.2151338216,634.0135768524524,383533.9152396141,1659.2626952006763,18439.299894207506,1776.267408730412,11.074082122035502,0.08226717471216728
63,64,1848.0,472.0,383236.2626477492,619.0607915674772,391256.86955243326,58391.08503064902,-8020.606904684042,58394.36657178619,,0.0822721823025348
64,65,1819.0,476.0,467834.1104773717,683.9839986343668,382913.729638599,1663.5483229673498,84920.38083877275,1798.6737150565523,9.415913358335178,0.08226717454666982
65,66,3575.0,483.0,384169.54643041966,619.8141219154837,383865.1041251257,1679.9120877063356,304.4423052939819,1790.6072065497003,15.529680686633583,0.0845051568528449
66,67,3827.0,494.0,383967.35974824656,619.6509994871362,383763.08654595463,1775.0658239357285,204.27320229192264,1880.113305221266,15.96291469829703,0.09379771586223642
67,68,3691.0,496.0,384246.5248706186,619.8762167591807,383693.2566164667,1764.2360584271587,553.2682541519171,1869.9666825797383,14.881103812113238,0.08249367584995508
68,69,536.0,498.0,382493.63317171275,618.460696140692,381754.4006403177,1678.567170694642,739.2325313950423,1788.8771280344117,14.566490514676833,0.08233227864816654
69,70,1307.0,501.0,383199.53187668696,619.0311224961162,383763.3222858146,9088.788934374037,-563.7904091276578,9109.845433607463,,0.08711648263363216
70,71,1738.0,504.0,382942.7798196019,618.8237062540655,382856.9136876819,1697.220493315245,85.86613192001823,1806.5160343465711,16.903888442909864,0.2584602813311585
71,72,3508.0,517.0,383923.432390834,619.6155537661649,383773.26450441976,1608.406347749343,150.1678864142159,1723.6282702338494,16.297000520754395,0.11229479935206779
72,73,2087.0,535.0,384039.8036661584,619.7094509385953,383212.9010707334,1604.010904526587,826.9025954250246,1719.5612188645146,14.4448073035717,0.08230560361528297
73,74,1141.0,538.0,382318.3224299975,618.3189493372306,382215.0784340646,1671.8036788091126,103.24399593292037,1782.4830612348549,16.703781178647198,0.18636360378726152
74,75,1434.0,541.0,383233.2178341423,619.0583317035884,382601.6187657102,1597.0253378998752,631.599068432115,1712.811474723894,14.737339489284416,0.0823791444175647
75,76,3934.0,565.0,384450.8411579098,620.040999707566,383895.23863333545,1678.8897199191122,555.6025245743222,1789.7266643173289,14.876532665138173,0.08247121757078728
76,77,270.0,576.0,381959.8873989893,618.0290338839102,381359.24954557884,1728.5468759442435,600.6378534104442,1835.7108130258653,14.791911444133577,0.08242438679869223
77,78,2807.0,578.0,384035.4260966993,619.70591907131,383681.5765552519,1626.8877994842312,353.8495414474164,1740.9191073231004,15.366396598383634,0.08343386968925069
78,79,2534.0,580.0,383583.33778475784,619.3410507319439,383452.4191912368,1601.2901619374602,130.9185935210553,1716.8906545961063,16.445939863816815,0.1296226185218114
79,80,2933.0,584.0,384527.3549366314,620.1026977916061,388339.3855485905,24253.95467055745,-3812.0306119591114,24261.880481884826,,0.08228411488580585
80,81,2446.0,587.0,384124.52472830785,619.7778020099362,383278.3208988924,1637.1133594821617,846.2038294154336,1750.504120434807,14.419755725339511,0.08230348853133206
81,82,1405.0,591.0,384913.37847826036,620.413876383262,382519.99251990096,1568.4642681065077,2393.385958359402,1686.7108638814739,13.290911344336331,0.08226770149987365
82,83,3551.0,598.0,384692.99993511173,620.2362466773742,383847.951152768,1580.7644884012834,845.0487823437434,1698.0899179616515,14.421238740484844,0.08230153405809523
83,84,2914.0,600.0,387699.2852774728,622.6550276662335,383948.3021974987,1669.4273739791022,3750.983079974132,1781.7651473942346,12.803080428412844,0.08226727201465289
84,85,2276.0,603.0,384153.7232437922,619.8013594887466,383266.8790637565,1545.3126909152597,886.8441800356959,1664.975987192566,14.36882489051552,0.08229440771729503
85,86,1956.0,605.0,928350.0580334407,963.5092434802409,383580.16270070715,1657.5684006110023,544769.8953327336,1917.2592586752532,7.3979104414594055,0.08226717454629197
86,87,2066.0,605.0,383418.14660562435,619.2076767182292,383201.0158599004,1598.8378914904126,217.13074572396,1714.5555547057365,15.896639881415052,0.08994695909409764
87,88,3706.0,608.0,390542.09350669716,624.933672065336,383627.41021896264,1670.3334997320476,6914.683287734515,1783.4113644384393,12.139012458805784,0.08226718300214206
88,89,3955.0,616.0,384249.63676961284,619.8787277949177,383916.98833187204,1698.332280218186,332.6484377408051,1807.9220589405256,15.43347947084935,0.08387389547848251
89,90,2917.0,618.0,407157.8643596947,638.0892286309185,383971.6361415062,1765.0894560550944,23186.22821818851,1876.885359197964,10.825367925640311,0.0822671746203713
90,91,3074.0,625.0,384719.2020315053,620.2573681931848,383712.40582757274,1608.7311685054647,1006.7962039325503,1724.1621661893912,14.231089267743045,0.08228475730268792
91,92,804.0,635.0,381971.3473572171,618.0383061404328,381865.5737326343,1569.4051393050233,105.77362458279822,1686.7139173949906,16.677499724402054,0.1717455113798131
92,93,3120.0,642.0,384734.6090659842,620.2697864662605,383788.1560169758,1575.067198842095,946.4530490083853,1692.7998372138343,14.298195504604507,0.08228887661137152
93,94,910.0,655.0,383178.9824537536,619.0145251720134,381945.54352293955,1586.0659039109225,1233.438930814038,1702.5815792268825,14.010649061569723,0.08227478601708801
94,95,1274.0,681.0,382633.9569707663,618.5741324917041,382394.9693238604,1570.9828009622906,238.98764690587996,1688.3781917293259,15.792504558313372,0.08741704379622754
95,96,3961.0,684.0,385746.1636105104,621.0846662671336,383961.3876548619,1629.8213767264563,1784.7759556485107,1744.1513359530122,13.609483924894182,0.08226899664590874
96,97,2351.0,688.0,383165.8369412605,619.0039069104384,383171.1409056273,1544.4085901836172,-5.303964366787113,1663.8400554750854,,59.144014550750335
97,98,4030.0,689.0,384654.1677159836,620.2049402574446,383978.04997654824,1628.360041662174,676.1177394353435,1742.4725516351118,14.663387364345034,0.08235543234544626
98,99,1028.0,695.0,385286.47095433844,620.7144843153972,382159.3022466877,1649.7553162259314,3127.168707650737,1762.662495900634,13.000564912156385,0.08226737200485972
99,100,3151.0,697.0,385910.72243257426,621.2171298214437,383770.1834211334,1615.0577022785594,2140.53901144088,1730.4109639253018,13.412135323027357,0.08226804140249547
100,101,762.0,706.0,430888.3411821157,656.4208564371794,381751.9010641232,1522.5584050308464,49136.44011799252,1658.032700972992,10.009933968441104,0.08226717454915797
101,102,1410.0,712.0,382893.24630482803,618.7836822017383,382545.94831575896,1526.2480101552435,347.2979890690767,1646.914154976507,15.386687519589131,0.08339259755623596
102,103,2207.0,717.0,384132.4357345947,619.7841838710896,383223.74018060556,1556.5000299451183,908.6955539891496,1675.3581043454283,14.342397183315759,0.08229219061642269
103,104,2151.0,721.0,383470.3314039897,619.2498133342287,383130.410278877,1573.132727311823,339.9211251126835,1690.6261884443916,15.409997802322756,0.08355819047282774
104,105,1228.0,732.0,382380.7096774669,618.3693958049505,382430.5588887492,1559.8446301924755,-49.849211282329634,1677.943974037417,,0.6802371940905658
105,106,2519.0,732.0,383465.79368671484,619.2461484932194,383361.0121360508,1546.0922051031798,104.78155066404724,1665.4929898094738,16.687731138007095,0.17256726919508825
106,107,1122.0,748.0,1721730.0740357137,1312.1471232547544,383472.5856192903,1809.075634453492,1338257.4884164233,2234.8343840739144,6.422093985683226,0.08226717454629173
107,108,1167.0,760.0,383012.7600247782,618.8802462232546,471811.5642336964,724951.7348288911,-88798.80420891818,724951.9989931596,,0.0822672259191016
108,109,1901.0,766.0,383433.33540577313,619.2199411779677,383016.145475907,1599.709054952645,417.18992986611556,1715.3723782461725,15.187608649042094,0.08285544223534198
109,110,1826.0,770.0,385613.6228005276,620.9779581294946,383004.0305945131,1547.7575516493428,2609.592206014495,1667.683142317582,13.197011574723595,0.08226753903069707
110,111,2464.0,773.0,434526.0208405282,659.1858768760216,383378.5718001899,1575.009879458441,51147.44904033828,1707.390447631854,9.966383245446861,0.0822671745488806
111,112,3681.0,775.0,384650.85543473193,620.2022699944649,383559.01837208867,1679.9510312498232,1091.8370626432588,1790.7781334111805,14.143048610136638,0.08228088839839527
112,113,2475.0,782.0,430400.6593175592,656.0492807869822,383356.1513588039,1578.6297096140515,47044.507958755305,1709.5240328516184,10.057170864782824,0.08226717454991797
113,114,1765.0,785.0,390535.1429749181,624.928110340161,382975.88274579664,1611.9353885785715,7559.260229121486,1728.8351107162518,12.042244950541388,0.08226718010960313
114,115,1822.0,796.0,383767.3426506446,619.4895832573861,383118.92127870675,1699.5354099815727,648.4213719378458,1808.919001377796,14.708799889390301,0.082379597693101
115,116,3180.0,799.0,384504.79430459125,620.0845055438579,383692.7527671521,1615.320953731282,812.0415374391596,1730.2504378207534,14.46449757928011,0.08230900937243661
116,117,2487.0,809.0,383361.9525975315,619.1622982161002,391144.1256694773,40569.43679689911,-7782.173071945785,40574.16128485127,,0.08226990246726139
117,118,1438.0,821.0,383483.45157619624,619.2604063057589,382547.4662986222,1578.7416436537537,935.9852775740437,1695.8504144601109,14.31027064716425,0.08228994555844242
118,119,3104.0,821.0,383855.61843761266,619.5608274207798,383754.64440699946,1617.2129252672996,100.97403061320074,1731.8294559586222,16.727918960036067,0.1887315353305379
119,120,153.0,827.0,381672.97380857356,617.7968719294328,381188.29006798536,1627.1097705551178,484.6837405881961,1740.447982676219,15.024797063897042,0.08260010522776615
120,121,1042.0,832.0,382522.24520077865,618.4838282892841,382078.8251702359,1641.1784131804611,443.42003054276574,1753.849716978312,15.12140492239189,0.082749340025862
121,122,1399.0,840.0,382547.76444113994,618.504458574171,382579.39573497674,1763.0444428779076,-31.631293836806435,1868.3879342467399,,1.8691931370655979
122,123,1151.0,844.0,382543.3610139177,618.5008977266252,382148.91818799125,1604.319103176124,394.4428259264678,1719.4136050713582,15.248483037290185,0.08300613593214712
123,124,2438.0,845.0,383640.04712721606,619.3868321114986,383213.4849665455,1589.396803628297,426.56216067058267,1705.8201098524326,15.163487372294018,0.08279962282144979
124,125,1238.0,851.0,382527.91576395935,618.488411670694,382251.39888636203,1603.4898121159827,276.5168775973143,1718.6353577564635,15.634139080671707,0.08528252131645461
125,126,3405.0,852.0,384010.7669726206,619.6860238372029,383517.0036254836,1589.4255557357867,493.7633471370209,1705.955557851721,15.004646070233326,0.08256421808133321
126,127,1655.0,871.0,384472.03535827296,620.0580895325415,382953.850751733,1584.0089930090978,1518.1846065399586,1701.0457149437345,13.785131732153914,0.08227048485366192
127,128,3762.0,888.0,383854.957737896,619.560293580956,383659.6063144774,1723.3843397911082,195.351423418615,1831.3679422823134,16.011401741140663,0.09524095786972323
128,129,1357.0,890.0,389790.85679861775,624.332327291991,382432.1912986168,1582.9087722503089,7358.665500000934,1701.5848601138923,12.071445536687447,0.08226718054771674
129,130,687.0,893.0,382061.3093375666,618.1110819046164,381551.8449040719,1530.921204489126,509.46443349472247,1650.9939563571188,14.970658514668447,0.08251271964225965
130,131,3265.0,897.0,383938.5958850103,619.6277878926027,383494.237782486,1605.8256129277597,444.35810252430383,1721.2247077774289,15.119110432239124,0.08272771970749428
131,132,3002.0,901.0,408164.8460996596,638.8778020212063,383727.0154955336,1604.1129268655118,24437.830604126037,1726.6566329332784,10.768286566040103,0.08226717459709652
132,133,3331.0,909.0,383986.5481746667,619.666481335092,383513.62743776815,1634.7539127775374,472.9207368985517,1748.2582484952509,15.051472297171845,0.08263770527800676
133,134,1535.0,910.0,383017.8350087049,618.8843485218622,382691.6066286706,1597.580236378266,326.22838003432844,1713.2660180228188,15.454638842422508,0.08382747060892135
134,135,2623.0,919.0,386963.23600727925,622.0636908501041,383372.0953463033,1606.7192962951124,3591.1406609759433,1722.9364853531645,12.850362150510641,0.08226728302687376
135,136,277.0,929.0,381673.5758556154,617.7973577476586,381221.522514583,1711.9445546464622,452.0533410323551,1820.0076190564869,15.100468982806408,0.08274786351398863
136,137,2316.0,958.0,385487.45979212143,620.876364728941,382990.9008483296,1638.3323591737947,2496.558943791839,1752.0332129828466,13.24508863070784,0.08226765478761563
137,138,61.0,963.0,381674.9692195538,617.7984852561917,381070.17654946813,1674.8241440250338,604.792670085677,1785.136096154585,14.784426893735276,0.08241181121276635
138,139,2081.0,966.0,383750.52120128373,619.4760057740881,382962.9429881712,1615.7575441442273,787.5782131125452,1730.4401067904091,14.497708957028879,0.08231446320437663
139,140,2603.0,966.0,384009.0618882241,619.6846473089146,383337.8283645375,1608.7631116167934,671.2335236865911,1723.9860241339895,14.671259094968452,0.08235611137952488
140,141,600.0,967.0,381829.62493990164,617.9236395272202,381387.0769036217,1571.970979394024,442.5480362799135,1689.0596153906388,15.123542146255101,0.08271799475716556
141,142,3683.0,971.0,383852.45656265307,619.5582752972053,383633.1753705079,1743.2382825560044,219.28119214519393,1850.0627465732225,15.885939732171998,0.09081986646289444
142,143,138.0,977.0,381037.1221001595,617.2820438216274,381035.73773829185,1712.599741290223,1.384361867676489,1820.449119171405,21.385319120931523,949.9030682302736
143,144,1198.0,991.0,385377.2863258543,620.7876334380112,381944.690189252,1688.633974578802,3432.596136602282,1799.1281182648913,12.89938641786091,0.0822673162484266
144,145,1220.0,997.0,382408.9864607344,618.39225899241,382127.0732697097,1671.2362662613134,281.9131910246797,1781.97633083293,15.613154697590431,0.08526796969258023
145,146,346.0,998.0,382166.97459533415,618.1965509187123,381107.3755876368,1775.0827162749915,1059.5990076973685,1879.6503997249047,14.175589333951738,0.08228420736238477
146,147,1357.0,1014.0,386504.9056989633,621.6951867880546,382295.492867551,1612.3306028534707,4209.412831412337,1728.0378694268452,12.677889389806491,0.08226723235106459
147,148,223.0,1016.0,381623.1658863295,617.75655809252,381019.0948186086,1784.807754754404,604.0710677208845,1888.69316896572,14.785723102532756,0.0824298361166157
148,149,1834.0,1017.0,6266204.742391106,2503.2388458238834,389518.1481253538,3572.575433341706,5876686.594265752,4362.281506982139,4.815611865593803,0.08226717454629172
149,150,1612.0,1020.0,383896.5023900046,619.5938214838909,382686.208876899,1635.2839750842775,1210.2935131056001,1748.7281614900721,14.031216427295252,0.08227583623049953
150,151,3952.0,1020.0,384188.76735066436,619.8296269961323,384077.862499215,1882.3794483073486,110.90485144936247,1981.80250123771,16.626066830109473,0.18091080014222047
151,152,3374.0,1022.0,384368.58115361485,619.9746615880322,383519.74607113627,1600.1441042159495,848.8350824785884,1716.0506214177537,14.416384889438064,0.08230164280616833
152,153,3441.0,1026.0,383763.0406976313,619.4861093981567,383609.6382268578,1654.1039827289728,153.4024707734934,1766.302076491197,16.273862304676033,0.11136281483460664
153,154,4000.0,1046.0,434566.5099373715,659.2165881033027,384038.97572062165,1675.4765439003636,50527.53421674983,1800.4966423714502,9.979622929124284,0.08226717454931456
154,155,2621.0,1060.0,383427.6729202266,619.2153694034926,383314.4247820272,1646.5223414969641,113.24813819938572,1759.1087216980504,16.6033655138914,0.1599406734496117
155,156,1201.0,1063.0,403881.4980078816,635.5167179781488,381863.7710533367,1724.6751758422097,22017.726954544894,1838.0386179283814,10.881511987077106,0.0822671746336618
156,157,3856.0,1065.0,383840.9826180723,619.5490144458497,383749.1657312413,1744.446751249569,91.81688683101675,1851.198381926151,16.831136782810976,0.23449223277015416
157,158,975.0,1066.0,382085.2970316842,618.130485068581,381733.93883971346,1722.9069246806778,351.3581919707358,1830.4353492226242,15.374067982149178,0.08359263656511556
158,159,150.0,1070.0,381893.5552659683,617.9753671171655,380992.8813700401,1756.9733319030665,900.6738959281938,1862.484588763665,14.352024251619861,0.0822992058013311
159,160,2721.0,1070.0,389987.5160061365,624.4898038729444,383466.93712503405,1660.942534618249,6520.5788811024395,1774.462628077966,12.202727808612403,0.08226718513230652
160,161,2484.0,1074.0,383830.27932304237,619.5403772266204,383307.25846334314,1743.7377883630284,523.0208596992306,1850.5274257841436,14.942145665665599,0.0825448427404715
161,162,1568.0,1076.0,382786.1510357992,618.6971403662205,382519.3918542989,1622.6959127145656,266.7591815002961,1736.6427890150283,15.673144750738324,0.0858106791099416
162,163,242.0,1077.0,384498.80344974186,620.0796760379963,380894.14369854034,1817.8533327140117,3604.659751201514,1920.7002743517337,12.84628249789596,0.08226730734845805
163,164,3750.0,1081.0,385731.31224667066,621.0727117715437,383684.549878013,1758.324499167104,2046.7623686576844,1864.7885557559887,13.46077463241911,0.08226837883257608
164,165,82.0,1082.0,381231.57474460383,617.4395318273181,381060.07952717674,2028.2539215616498,171.49521742708748,2120.1522458996546,16.15281315833485,0.10938267154970831
165,166,749.0,1086.0,382838.4571185941,618.7394090374214,381516.04893426824,1615.8391858354976,1322.4081843258464,1730.2527938938579,13.935029370232684,0.08227312410457754
166,167,3548.0,1089.0,383607.4815299346,619.3605423530284,383597.7236688924,1722.3609825623912,9.757861042220611,1830.3373557017087,19.265056618217816,19.223207861875515
167,168,1725.0,1101.0,399477.6901746656,632.0424747903043,383064.2316542838,1701.3369664578286,16413.45852038177,1814.9449477532312,11.20044293633886,0.08226717482213977
168,169,1520.0,1112.0,383044.1191199343,618.9055809354664,382424.26696348895,1578.6558249868951,619.8521564453258,1695.6409796528633,14.757722900137274,0.08238546416909993
169,170,57.0,1118.0,381960.5013729716,618.0295313200083,380997.7091439503,1777.0553216237035,962.7922290212591,1881.4585080981067,14.27961175048819,0.0822922088971021
170,171,1345.0,1122.0,382252.0588290365,618.2653623116526,382200.42736568477,1617.4556177080967,51.631463351717684,1731.5931200746438,17.4561571059769,0.654745471591485
171,172,3290.0,1153.0,384280.97862283874,619.9040070760119,383482.47024049185,1662.7769473669007,798.5083823468885,1774.5726681890728,14.48274449246649,0.08231423855022238
172,173,2131.0,1158.0,383154.80564242136,618.9949967493284,382830.10771465936,1688.6126232436072,324.69792776199756,1798.4903106156446,15.45974439886964,0.08401720929245515
173,174,3633.0,1159.0,409118.1240926883,639.6234249714138,383513.1476462772,1736.8314981769745,25604.976446411107,1850.865143340226,10.717632239559421,0.08226717459473075
174,175,2260.0,1165.0,383395.1748097069,619.1891274667245,382889.3767104786,1640.585233594699,505.79809922829736,1753.5435792309174,14.978500208865716,0.08255222125933646
175,176,272.0,1168.0,386269.1469825315,621.5055485970275,380931.26760171255,1779.0195053954865,5337.87938081898,1884.4573615538488,12.420021301531614,0.08226720113155463
176,177,2670.0,1168.0,383348.8524876863,619.151720369776,383444.7630265002,1625.4261067750815,-95.91053881385596,1739.3558811878759,,0.20620575383234013
177,178,533.0,1181.0,381493.12814251706,617.651299908434,381251.81800546416,1729.4083562088483,241.31013705290388,1836.3949441238312,15.782004275463953,0.08810474188023516
178,179,3468.0,1184.0,385707.45781941415,621.0535064457881,384014.90403991635,2652.1456237444168,1692.5537794978009,2723.891309765364,13.667086998923555,0.08227266917764607
179,180,1049.0,1187.0,386341.83579038834,621.564023912878,381654.6440822039,1748.09265903602,4687.191708184429,1855.308540485488,12.561161399442543,0.08226721788986667
180,181,3505.0,1199.0,385537.04097041825,620.916290757224,383913.78137766215,2679.656414289998,1623.2595927561051,2750.653656637498,13.712473246127072,0.08227379741049647
181,182,3783.0,1231.0,386446.15552743815,621.64793640908,383679.5205619394,1765.4767569730404,2766.634965498757,1871.7249627692931,13.133563537806245,0.08226753797487635
182,183,3972.0,1234.0,384399.10239280557,619.999277064574,383762.98111321265,1733.5390764362746,636.1212795929168,1841.074912406371,14.729593381529996,0.08239289181541332
183,184,1683.0,1235.0,391234.89804591925,625.487727846004,382542.49930864305,1603.940662174048,8692.398737276206,1721.5866360602593,11.890594091135405,0.08226717770160598
184,185,3199.0,1244.0,384509.55943358334,620.0883480034456,383554.1549014379,1628.863438033697,955.4045321454178,1742.901505849541,14.287974948456009,0.08228933004080871
185,186,310.0,1251.0,388210.0872144207,623.065074021648,380850.53582188825,1777.5840051558987,7359.551392532478,1883.6175253622184,12.071314835311973,0.08226718189690337
186,187,1250.0,1274.0,383902.41727008915,619.5985935734128,381846.64379628195,1614.6487342673993,2055.773473807203,1729.4487422960722,13.456005046380033,0.08226819232906069
187,188,281.0,1280.0,380914.8348186587,617.1829844086552,382148.79334080487,7536.609238462548,-1233.9585221461602,7561.837980909311,,0.08241693625616206
188,189,2217.0,1286.0,383515.1683191259,619.2860147488785,382857.82409471716,1602.9909423736763,657.3442244087346,1718.4571945194316,14.69396106257087,0.08236324634966058
189,190,3007.0,1288.0,608857.6173943515,780.2932891727233,383674.12213986355,1648.1330296672947,225183.49525448796,1823.513120492497,8.35710180152622,0.08226717454629957
190,191,3816.0,1294.0,384929.602276665,620.4269526651823,383640.9619398611,1740.6713455097151,1288.640336803859,1847.9356960327398,13.963113887644916,0.08227470065316565
191,192,1611.0,1302.0,388455.02550097846,623.2616031185992,382285.81606499664,1588.1594088319612,6169.209435981815,1706.0789353905789,12.262869405782958,0.08226718675932598
192,193,161.0,1307.0,381138.16510794405,617.3638840953008,380802.87529880536,1706.438773174098,335.2898091386887,1814.682190351015,15.424892307231563,0.08383588255565869
193,194,2115.0,1309.0,383103.0204769795,618.9531649729155,382804.9982569515,1611.5615131996872,298.02222002798226,1726.3352893503784,15.552821577388809,0.08453213933449132
194,195,2419.0,1314.0,383575.8097345712,619.3349743179041,383203.18517116865,1621.3679117119802,372.6245634025545,1735.62948682679,15.310264490770336,0.0832114230108622
195,196,632.0,1323.0,401073.0158605699,633.3032582268366,381200.6624436544,1618.0988283544193,19872.353416915517,1737.6181499980576,10.992819935708305,0.08226717466395878
196,197,2725.0,1325.0,385312.9801090731,620.7358377596705,383477.4052886146,1601.4386838638898,1835.5748204584816,1717.5327765300165,13.579012962189033,0.08226875383290765
197,198,2619.0,1327.0,384041.18717055407,619.7105669222495,383508.77453354764,1557.4085854683203,532.4126370064332,1676.1750173670798,14.92282230358157,0.08247941534567996
198,199,1855.0,1356.0,383306.6746340354,619.1176592710914,382527.5325514045,1588.2043680410056,779.1420826308895,1704.611331267584,14.50940153654058,0.0823150817787193
199,200,3522.0,1362.0,383741.22817644203,619.4685044865555,383662.2568187816,1598.5742665563043,78.97135766042629,1714.403952908076,16.994769180273785,0.286945331637507
200,201,857.0,1372.0,395665.73163096537,629.0196588275719,381448.49088476395,1550.6425858752891,14217.240746201423,1673.3673118360948,11.356404897328359,0.08226717496283939
201,202,1332.0,1381.0,382972.6543657129,618.8478435074077,381937.2389181993,1564.3059556563544,1035.4154475135729,1682.2680453232501,14.200656591243682,0.08228213813486158
202,203,1276.0,1385.0,382172.1774309523,618.2007573163658,382028.6262786319,1559.11676847515,143.55115232040407,1677.205197370591,16.345926483647542,0.11572499540355682
203,204,2031.0,1409.0,1070693.4259990589,1034.7431715599607,383298.65468359995,1638.159909475451,687394.7713154589,1937.5916288275464,7.145427630378995,0.08226717454629182
204,205,3272.0,1428.0,383788.5242723258,619.506677082501,383455.980870379,1593.053029580827,332.54340194677934,1709.2707445008393,15.433822352882812,0.08370659910799208
205,206,1006.0,1442.0,388652.65910915245,623.4201306616903,381603.2178759712,1617.798926854379,7049.44123318122,1733.760660254298,12.118056455126833,0.08226718194409731
206,207,205.0,1462.0,380981.3974928839,617.2369044954816,380769.4667816004,1654.4951595782873,211.93071128352312,1765.8809782482924,15.92295845195342,0.09117930987342976
207,208,1002.0,1479.0,381660.5325695132,617.7868013260968,382906.281548444,6975.526711099198,-1245.7489789308165,7002.830387004324,,0.08239083823193499
208,209,526.0,1493.0,381667.65559022705,617.7925676147535,381220.66327003203,1613.33350058471,446.99232019501505,1727.574207004997,15.112693037351722,0.08272030389441516
209,210,2289.0,1503.0,385175.9121820311,620.6254201390818,694510.8677384353,1706285.4995977618,-309334.9555564042,1706285.612467472,,0.08226717647884234
210,211,2635.0,1512.0,384043.2293915058,619.7122151706018,383786.87717424246,1539.8023546735299,256.3522172633675,1659.8296662880205,15.716350495911929,0.08605711120953843
211,212,1407.0,1523.0,382743.59898767225,618.662751742614,382052.09630656004,1523.7297498739892,691.5026811122079,1644.535177807028,14.638958520469192,0.08233903081454857
212,213,2318.0,1526.0,1999135.654197508,1413.9079422393831,384747.7871875928,1696.0159017426813,1614387.8670099152,2208.077355549766,6.218423478862123,0.08226717454629172
213,214,1594.0,1528.0,383417.12709026085,619.2068542897995,382056.57063520944,1518.6637516134415,1360.55645505141,1640.0477794454898,13.904151773375888,0.08227194519637175
214,215,2241.0,1530.0,386073.30612089194,621.3479746890077,383235.08026357833,1571.9682112507012,2838.225857313606,1690.3128002925557,13.105825810434819,0.0822674421481146
215,216,1840.0,1532.0,382513.60142793995,618.4768390623763,382177.152566874,1540.5798099220424,336.44886106596095,1660.090284049643,15.421145535025921,0.083564116928716
216,217,1945.0,1547.0,382480.19218230085,618.4498289953417,382240.3443529379,1535.1653027346222,239.8478293629596,1655.0567052837348,15.788603710162983,0.08715277599589782
217,218,3657.0,1550.0,384602.8100922848,620.1635346250663,383621.96450997907,1628.5391370372886,980.8455823057448,1742.6251836068514,14.259441590296202,0.08228711321729194
218,219,1259.0,1556.0,2648864.243672086,1627.5331792247175,384160.4485961277,1840.049068007043,2264703.795075958,2456.5514084079136,5.850914671584221,0.08226717454629172
219,220,285.0,1567.0,381092.0530995786,617.3265369353139,380806.050419664,1667.2714969419467,286.0026799145853,1777.888156695912,15.59751793475312,0.08509000066126
220,221,3108.0,1574.0,384062.1807870206,619.7275055771075,383635.34637581743,1549.1778729907132,426.83441120316274,1668.5365633790752,15.16279462924874,0.08277537824827508
221,222,916.0,1577.0,381590.080471735,617.7297797752497,381525.87845647224,1572.5683578662718,64.2020152627374,1689.5447081931277,17.219571539920324,0.41806889744595943
222,223,1842.0,1578.0,382512.87323013437,618.4762516620095,382268.8559452237,1529.1389854785536,244.01728491066024,1649.4783753600013,15.769891714779487,0.08680592571766421
223,224,648.0,1585.0,385950.85758076585,621.2494323634837,381334.2198784342,1544.5549662296733,4616.637702331645,1664.8125723085761,12.577628706315128,0.0822672116289486
224,225,2161.0,1591.0,389635.6235691304,624.207997560157,382636.05245820055,1525.3126447858506,6999.571110929828,1648.0941382583906,12.125764616150782,0.08226718142365101
225,226,3283.0,1593.0,442415.0768543094,665.1428987066995,383750.80471008917,1595.5285905418268,58664.272144220246,1728.6198422256812,9.817508974512302,0.08226717454782509
226,227,1431.0,1599.0,385096.5627770373,620.5614904104434,415879.6823242373,259437.09619302885,-30783.11954719998,259437.83836910583,,0.0822676301196708
227,228,3163.0,1599.0,384067.1613706929,619.7315236177442,383681.06073796214,1577.3861197925917,386.100632730755,1694.7607891026682,15.271691907900124,0.08304898138184591
228,229,1275.0,1610.0,382930.30481047306,618.8136270556664,386988.86254176515,18564.20122759475,-4058.557731292094,18574.51203998803,,0.0822749026143744
229,230,147.0,1624.0,382665.243994658,618.5994216184835,380854.0926626536,1602.600162087063,1811.1513320044032,1717.8453143249546,13.59355634221911,0.08226884136426107
230,231,3284.0,1627.0,384110.35948648676,619.766375739081,394225.74959882395,60926.61168476451,-10115.39011233719,60929.763841217864,,0.08226932964009287
231,232,3221.0,1630.0,388546.93332151126,623.3353298149569,383676.52990877035,1557.8489490781767,4870.40341274091,1677.9273767179259,12.519530853562621,0.08226720495723715
232,233,1453.0,1642.0,1435177.160110873,1197.9887981972017,383172.0064510369,1699.8008269863337,1052005.153659836,2079.5432219671225,6.683398522773425,0.08226717454629173
233,234,1835.0,1644.0,382259.6568420965,618.2715064714446,382053.87436741596,1556.790598141721,205.78247468051268,1675.069139521389,15.954922227191163,0.09128302728472884
234,235,2749.0,1652.0,384349.46003335156,619.9592400145123,384327.60579196725,1588.5423128262546,21.854241384309717,1705.231989765251,18.389603852151787,3.5713075942845776
235,236,719.0,1656.0,381381.0538379422,617.5605660305976,381337.2144071796,1551.0702757517888,43.83943076257128,1669.4909562608484,17.6337809253023,0.872555724930679
236,237,3572.0,1661.0,383823.48014636233,619.5348887959524,383687.18534313043,1639.5181143011719,136.29480323189637,1752.6674315331713,16.4022449487642,0.12517895292357104
237,238,2640.0,1667.0,385506.1950622775,620.8914507151297,385069.1643931768,1649.0228937353997,437.030669100699,1762.0393575725288,15.137163403421244,0.08278283993445869
238,239,3949.0,1673.0,398028.46839733445,630.8949736767592,383838.0835816654,1642.184230726238,14190.384815669036,1759.2036594597355,11.35845775913581,0.08226717501016458
239,240,2803.0,1699.0,384495.2346118593,620.0767970172483,384531.97445706977,1639.1608235758897,-36.739845210453495,1752.5248756423284,,1.3009470609918983
240,241,2878.0,1699.0,384301.17097777966,619.9202938519718,384390.7237592682,1669.3055753813126,-89.55278148851357,1780.6971316674405,,0.23679063398522757
241,242,735.0,1704.0,383043.75218959094,618.9052841098511,381279.3352198914,1551.6203357143013,1764.4169696995523,1670.4997506438774,13.621940126093238,0.08226892450068168
242,243,2299.0,1704.0,383679.57311424153,619.4187386560898,383231.78200176195,1542.4889545419603,447.79111247957917,1662.2129071458478,15.110754517030143,0.08268377199874499
243,244,2419.0,1707.0,384321.33571347856,619.9365576555068,385171.56604441255,2204.3209514306313,-850.2303309339914,2289.8367174175987,,0.08232813458031396
244,245,3876.0,1750.0,383965.8544059026,619.6497844245537,383782.6567080385,1653.8999430172516,183.1976978640887,1766.1684168985312,16.08114316161765,0.09765899037255453
245,246,137.0,1760.0,381427.16302716156,617.5978971034357,380800.65118103597,1702.16423603324,626.5118461255915,1810.7430101859318,14.746119973547069,0.08239641512907471
246,247,987.0,1767.0,625285.4182614835,790.7499083969576,381754.3877339168,1637.1025236502157,243531.03052756673,1818.0731807525522,8.27205742491232,0.08226717454629742
247,248,3038.0,1789.0,385616.2560701976,620.9800763382291,384200.4221570473,1637.319587385818,1415.8339131503017,1751.1229786757692,13.860912414547462,0.0822718123806356
248,249,1054.0,1791.0,436594.00746886485,660.7526080281451,381790.06725361646,1661.295958246786,54803.94021524838,1787.8753507733986,9.891413731510617,0.08226717454844534
249,250,1906.0,1798.0,404265.38923252426,635.8186771937524,381897.51675788115,1640.4210247013718,22367.87247464311,1759.3312731122332,10.864381496132728,0.08226717462144362
250,251,628.0,1810.0,381487.41319391073,617.6466721796083,381304.9878798585,1624.870316428901,182.42531405220507,1738.3011697822394,16.0857304347853,0.097448950840356
251,252,593.0,1817.0,381601.8943812854,617.7393420758276,381291.8584992955,1628.146615939363,310.03588198992657,1741.3969385935754,15.509913291743072,0.08423832211692159
252,253,1324.0,1817.0,382538.9451162131,618.4973279410341,381925.9106447662,1606.3419763497427,613.0344714469393,1721.299941803693,14.769730951357475,0.08239457787972877
253,254,1250.0,1821.0,382508.9847726782,618.4731075719492,381843.4985953611,1636.2252564360974,665.4861773170996,1749.2118438282646,14.68059559308825,0.08236193388805513
254,255,1660.0,1821.0,402990.8370832996,634.8155935541499,381792.68058651115,1622.6417017542797,21198.156496788433,1742.3997618490232,10.922697956140421,0.08226717463767078
255,256,1116.0,1831.0,382447.1959860913,618.4231531826451,381672.6265497976,1668.3955713472137,774.5694362936774,1779.3231799994517,14.515792300789148,0.08232061506139696
256,257,2378.0,1833.0,383913.9254383908,619.6078809934579,383569.99772176694,1685.9904306744038,343.9277166238753,1796.2398666422212,15.3972752502863,0.0836569683585902
257,258,3864.0,1835.0,383660.9690752946,619.4037191929008,383692.3144126422,1719.4478490565293,-31.34533734759316,1827.6109741887421,,1.8619250475188702
258,259,431.0,1858.0,397017.6353906106,630.0933543444384,380946.2727978447,1684.681129191551,16071.362592765887,1798.657316512277,11.223311442476907,0.0822671748410252
259,260,3674.0,1867.0,395990.53229855467,629.2777866134959,383780.9897957905,1756.5165068172005,12209.542502764147,1865.8351404790512,11.521694713651513,0.08226717549841327
260,261,226.0,1884.0,381061.4633470192,617.3017599091024,380673.812716168,1787.5917323517822,387.650630851218,1891.175735979954,15.267341953575,0.083224206446331
261,262,2989.0,1894.0,385623.61792086816,620.986004390105,384937.3676400956,1769.952914454877,686.2502807725687,1875.728375068123,14.647236853371595,0.08236353501546985
262,263,3126.0,1894.0,384053.5765939859,619.7205628558193,383887.90709078324,1648.1740788383966,165.66950320266187,1760.8325786914356,16.190336766441877,0.10432544187048433
263,264,1668.0,1897.0,384611.06606678106,620.1701899780841,381704.5261393384,1668.4410593047503,2906.5399274426745,1779.9737730965055,13.080002458030222,0.08226744436045534
264,265,773.0,1901.0,381260.9289795697,617.463301726644,381312.4203336468,1635.0652818624342,-51.491354077123106,1747.7698375160987,,0.6643111908901256
265,266,2540.0,1916.0,385479.8728799417,620.8702557947203,384201.755501598,1654.7658540629195,1278.1173783437116,1767.407679711499,13.972016341448349,0.08227428856759028
266,267,1351.0,1922.0,382627.31759386125,618.5687660456039,381657.5793926285,1611.6755155432256,969.7382012327434,1726.3039378188023,14.27180693058526,0.08228765341098382
267,268,1893.0,1931.0,382044.4792334895,618.0974670379844,381723.9726364087,1635.3648226805153,320.50659708079183,1748.2741724396794,15.473850758343227,0.08400914501303572
268,269,1744.0,1934.0,382959.7802743818,618.8374435006768,381686.55206882703,1657.0257383502237,1273.2282055547694,1768.8114877039773,13.976177564012357,0.08227440994422687
269,270,1726.0,1936.0,384201.6721314766,619.840039116922,381699.5623546316,1645.168729742517,2502.109776844969,1758.0619509605099,13.242677291518781,0.08226765382161354
270,271,2657.0,1941.0,393204.9494655191,627.060563293467,386611.0786973253,10246.464953314007,6593.870768193796,10265.634368587756,12.190592113111343,0.08226751335330149
271,272,2037.0,1945.0,382665.2787664025,618.5994487076182,381974.9397094589,1659.519220609359,690.3390569436015,1771.0644600107767,14.64078707891032,0.0823510704949286
272,273,394.0,1960.0,383946.76624822675,619.6343816751522,380865.9628099252,1745.4719428724395,3080.8034383015474,1852.193043478146,13.016783215472383,0.08226740599744432
273,274,2336.0,1966.0,384977.1722998045,620.4652859626278,383477.5474296469,4346.435213169589,1499.624870157626,4390.498403753867,13.79848660558882,0.08229033672454591
274,275,701.0,1967.0,395087.5121134855,628.5598710797557,381142.41003104055,1609.0038326067956,13945.102082444937,1727.4202861131266,11.377388946777481,0.08226717502586244
275,276,921.0,1968.0,382364.803294672,618.3565348491144,381249.8565128431,1695.6558240133818,1114.946781828883,1804.8860013034355,14.120307845442275,0.08227998582879185
276,277,2646.0,1975.0,394490.3775207205,628.0846888909015,386825.46722662303,8939.520548338854,7664.910294097441,8961.55778927926,12.027175500045574,0.08226731595682589
277,278,3548.0,1986.0,383770.641965925,619.4922448487077,383539.1807586669,1696.8308055327022,231.4612072581076,1806.379092004901,15.827247656257304,0.08890861966444992
278,279,1998.0,1989.0,381999.12826485385,618.0607805410012,381811.4492964453,1683.3732251101883,187.67896840855246,1793.2497158680462,16.054904172120363,0.09674602418086886
279,280,2121.0,1995.0,382573.1297295527,618.5249625759809,382044.1499001462,1635.514171958867,528.9798294065404,1748.5650505508559,14.929845410695838,0.08250416206497267
280,281,4027.0,1999.0,384166.45238450484,619.8116271301893,384085.6617146388,1736.5203217124013,80.79066986602265,1843.8192104558175,16.9700401686203,0.2942207614009442
281,282,2338.0,2000.0,386553.9370703058,621.7346201478861,383051.73309082026,2753.620846917934,3502.203979485552,2822.9384879007685,12.877589598299451,0.08226749648978636
282,283,284.0,2005.0,382362.9067249865,618.3550001638156,381168.94354372553,3341.8588244972675,1193.9631812609732,3398.5854865072693,14.045965855034524,0.08230171157163987
283,284,3317.0,2020.0,435406.35996792186,659.8532865982736,383628.2449060087,1609.1677624912486,51778.11506191315,1739.203049582088,9.953077600568687,0.08226717454884948
284,285,320.0,2021.0,383553.3269912398,619.316822715213,381016.7528613776,2477.071091135821,2536.574129862187,2553.3183345283983,13.2278242941468,0.08226813165350305
285,286,2201.0,2027.0,382519.53192600684,618.4816354931548,382234.93368257803,1616.9670766762852,284.59824342880165,1731.2140423694984,15.602862653125538,0.08499845292773364
286,287,2149.0,2046.0,388846.6124324325,623.5756667911531,382097.9465454405,1625.069156397627,6748.665886991948,1740.6023024484732,12.165398372188598,0.08226718342338525
287,288,2041.0,2063.0,384439.6634119485,620.0319857497352,381773.06724465557,1624.0748542621172,2666.5961672929116,1738.406970648495,13.173550064830039,0.0822675378052816
288,289,3431.0,2069.0,383648.1353821937,619.3933610419464,383597.59760297125,1616.4814440917125,50.537779222475365,1731.0864781389944,17.47940280664519,0.6827508807791814
289,290,3123.0,2070.0,558105.9225488771,747.0648734821953,383849.997688699,1655.7575120969575,174255.9248601781,1816.4908103418732,8.635474307662673,0.08226717454631347
290,291,2053.0,2072.0,387380.284176337,622.3988151938327,381685.7633037058,1651.1396931072761,5694.520872631227,1764.551662975351,12.34980021836526,0.08226719254259796
291,292,1857.0,2074.0,381698.85326487373,617.817816042719,381692.08574608376,1634.0329449177389,6.76751878997311,1746.929454470424,19.662369515585123,38.14322739359685
292,293,1880.0,2075.0,382046.11289135175,618.0987885721416,381694.7706918316,1627.7803283741855,351.34219952014973,1741.1820438645466,15.374117401739142,0.08346765010738565
293,294,2641.0,2082.0,385355.05613991333,620.7697278111165,752677.1923916984,2419811.7804848603,-367322.13625178504,2419811.8601098647,,0.08226717650116322
294,295,718.0,2088.0,381667.6347870525,617.7925488512137,381160.24894386984,1587.4379670108729,507.3858431826811,1703.4162534517782,14.9750973272484,0.08253283747266246
295,296,3175.0,2090.0,395150.2951746497,628.6098123535569,383955.43236851046,2247.003345534213,11194.862806139223,2333.2754511692615,11.615896252142655,0.08226717665298028
296,297,275.0,2093.0,382291.42904598865,618.2972011313484,380535.43997513433,1717.939462361797,1755.9890708543244,1825.8169199749464,13.627138669830707,0.08226930545585531
297,298,4023.0,2105.0,384383.5126155342,619.9867031885992,384386.0359411569,1619.9281103274038,-2.523325622722041,1734.5173953464928,,272.4156690636486
298,299,1435.0,2107.0,383644.69916999014,619.3905871438195,381639.58667547564,1615.860859779814,2005.1124945144984,1730.5060004549898,13.483096333163612,0.08226830052893656
299,300,1962.0,2142.0,477514.2946260185,691.0240909077754,381797.3067816961,1600.4057228795234,95716.9878443224,1743.2190832022368,9.285970633305524,0.08226717454651175
300,301,3317.0,2142.0,383538.3249810041,619.3047108304917,383410.82678496715,1584.522980300087,127.49819603696233,1701.24995222804,16.474683091207208,0.1331185947148017
301,302,2869.0,2143.0,383790.3579657121,619.5081592681418,383795.51507855835,1649.5813558259279,-5.15711284626741,1762.0751995554297,,66.25390861213587
302,303,383.0,2148.0,383335.42915671493,619.1408801559611,380598.88658644416,1664.368910294714,2736.5425702707726,1775.7982146167146,13.145437669951463,0.08226751630604417
303,304,1523.0,2151.0,383389.0680378147,619.1841948513401,381625.25145438995,1548.8977739508655,1763.8165834247484,1668.0747529123653,13.622309637414906,0.08226892180069188
304,305,1604.0,2159.0,381989.540421991,618.0530242424493,381521.7796199951,1548.575259627308,467.7608019959298,1667.3556535739524,15.06338362761948,0.08261936371128505
305,306,280.0,2160.0,381672.2566588548,617.7962901667972,380547.3965428861,1705.9179137883034,1124.8601159686805,1814.3396001652213,14.110696895428351,0.08227967004308936
306,307,1046.0,2164.0,381690.94503808214,617.8114167328026,381201.19567666354,1582.3820085438842,489.7493614185951,1698.7123851931997,15.013508495252772,0.08257146279250972
307,308,3879.0,2183.0,388769.72469070856,623.5140128602129,384098.59849076014,1698.641642347963,4671.126199948427,1809.462117136369,12.564889189253961,0.08226721634433
308,309,3095.0,2221.0,385736.8276791184,621.0771520710928,383324.26327411894,1628.529477503464,2412.56440499943,1742.941504446562,13.282245901364183,0.08226771954057137
309,310,434.0,2235.0,381282.08738893154,617.4804348653697,380760.752231057,1605.7477170114778,521.3351578745642,1720.3801376815238,14.945650656416122,0.08251032935583708
310,311,1465.0,2240.0,389551.692897932,624.140764119984,381702.7431669815,1544.2951016456234,7848.949730950524,1665.6527412407856,12.001414322164752,0.08226717898918773
311,312,1013.0,2241.0,417694.78041175957,646.2931068379911,381232.67971422133,1532.4631516959553,36462.10069753823,1663.1710950026168,10.333838975921548,0.08226717455580325
312,313,583.0,2251.0,381224.4805730393,617.433787404635,380931.93758894637,1505.2922849343831,292.54298409295734,1627.0001059962499,15.572968973456,0.08443525051832267
313,314,2680.0,2252.0,386146.9225470867,621.407212970084,383003.2155778456,1545.4353350668364,3143.706969241146,1665.6882358966195,12.994838046586477,0.08226734719453846
314,315,895.0,2263.0,381486.83942826354,617.6462085821869,381109.70912341075,1555.391494595525,377.1303048527916,1673.5380307707535,15.297214610807815,0.08310440414012435
315,316,2270.0,2273.0,383934.58933180384,619.6245560384797,382079.0787523724,1561.6800691799758,1855.5105794314295,1680.1128619589392,13.567284604041566,0.08226862186033435
316,317,75.0,2277.0,381316.6981914937,617.5084612783505,380283.0415103239,1605.4716503390823,1033.656681169814,1720.132529717653,14.20250240099441,0.08228292599130757
317,318,2031.0,2281.0,387185.9781487313,622.2426997452324,381854.66922545613,1607.2005730074416,5331.308923275152,1723.4499294327306,12.421358569997718,0.08226719689257556
318,319,368.0,2284.0,381142.3961189032,617.3673104962343,380557.37115546054,1626.8325285653118,585.0249634426436,1740.0363421686227,14.820507195884284,0.08242411987806186
319,320,947.0,2289.0,390709.43113768526,625.0675406448182,381161.4707132554,1547.8570791322265,9547.960424429853,1669.3025393221892,11.788666665683287,0.08226717658413642
320,321,2418.0,2296.0,386715.7537688579,621.8647392361355,382312.5038329372,1558.3906041552634,4403.2499359206995,1677.8846888343173,12.629009847612387,0.08226722006334877
321,322,1177.0,2299.0,382502.79278949444,618.4681026250656,381907.7746775324,2863.8711105972307,595.0181119620684,2929.890873749066,14.802117727311206,0.0826823494380592
322,323,3679.0,2307.0,385000.49132416793,620.4840789672166,383590.0522943464,1633.8335436745115,1410.439029821544,1747.6877697940804,13.865057397981689,0.08227186528742489
323,324,382.0,2312.0,380659.7280448608,616.9762785109773,380829.9621048732,1706.5079377240577,-170.23406001238618,1814.6154054676356,,0.10338648982006281
324,325,2724.0,2312.0,388806.640031618,623.5436135859284,382856.00759496767,1546.849723102224,5950.6324366503395,1667.7981604214656,12.302035378110986,0.08226718802902262
325,326,1728.0,2316.0,1086942.950545823,1042.5655603195796,382263.5418352169,1563.6851305556258,704679.408710606,1879.375996198005,7.118464238098891,0.0822671745462918
326,327,1155.0,2324.0,383816.52479799674,619.5292765255474,381625.6082511713,1854.202636907385,2190.916546825436,1954.9639237557733,13.386878602814512,0.08226818267252277
327,328,3956.0,2331.0,384611.22012279736,620.170316358805,384574.6795315914,1702.0734266499858,36.540591205935925,1811.536687732436,17.83150426695909,1.359229905054028
328,329,368.0,2341.0,381082.39694513497,617.3187153187414,380475.7655428304,1623.9218260222538,606.6314023045707,1737.298043892939,14.781130971655642,0.08240251743350017
329,330,2112.0,2343.0,382084.4156973839,618.1297724921334,381713.57612224325,1517.1313756429256,370.8395751406788,1638.2222152691534,15.315478004117788,0.08312517183210114
330,331,1616.0,2361.0,382027.06524986174,618.0833813794992,381492.23934246786,1497.038541875113,534.8259073938825,1619.614602983401,14.917912099558164,0.08246180178514172
331,332,3995.0,2363.0,384503.95264741406,620.0838271314312,384111.16101342265,1602.0261299307758,392.79163399140816,1717.8450668354646,15.253037618130243,0.08301721936887987
332,333,2523.0,2388.0,382477.1616391825,618.4473788740082,382280.1675098037,1508.8549505923056,196.99412937875604,1630.6809689093204,16.002309981369475,0.09237759653237078
333,334,1699.0,2389.0,382173.26485738833,618.2016378411054,381623.05602563627,1511.7685557541458,550.2088317520684,1633.2842469075617,14.887124298118636,0.08244389650904255
334,335,979.0,2390.0,389412.0121237921,624.0288556093773,381182.67538143066,1596.1739337770578,8229.336742361425,1713.8212390743895,11.950031106467184,0.0822671784386707
335,336,567.0,2425.0,385102.68772452767,620.5664246039196,380673.16543396225,1518.0431136801446,4429.522290565423,1639.987067734804,12.622550962448738,0.08226721700791483
336,337,3942.0,2434.0,384873.7605282337,620.3819462905118,383678.0044193656,1609.0718268582712,1195.7561088681105,1724.5248340549397,14.04433667056179,0.08227601528510729
337,338,3695.0,2435.0,383619.0363454956,619.3698722362818,383352.76990615437,1699.58236105578,266.2664393412415,1808.9221212218972,15.6751521144866,0.08613290635546234
338,339,2426.0,2452.0,383363.1061032878,619.1632295536344,382136.55849935085,1507.596624402376,1226.5476039369241,1629.7885404986516,14.016732170201573,0.08227430717278113
339,340,991.0,2458.0,381353.7623160833,617.5384715446979,381223.0203273864,1608.9167847091946,130.74198869691463,1723.3592150090865,16.44740547456334,0.13012498218980706
340,341,3604.0,2477.0,383696.7460571184,619.4326006242876,383285.3175453265,1674.7194729382402,411.42851179192076,1785.6041161900096,15.20270722925062,0.08294071245014555
341,342,2743.0,2483.0,382394.83019639354,618.3808147976308,382420.7636861152,1631.0117922383577,-25.93348972167587,1744.3033848876066,,2.5948871119938692
342,343,1108.0,2492.0,4580267.551253168,2140.155961349269,385440.2108891851,2630.108074060793,4194827.340363983,3390.831169512659,5.181657966446547,0.08226717454629172
343,344,173.0,2499.0,400074.5803126478,632.5144901634305,380089.0321148532,1644.0405283988662,19985.54819779459,1761.5174819696588,10.986653027907192,0.08226717466450141
344,345,2015.0,2504.0,384114.8736653402,619.7700172128294,381622.7519391323,1603.0486888092157,2492.121726207901,1718.685536370437,13.247020062831254,0.08226763998021408
345,346,2668.0,2506.0,382949.25882451836,618.8289409810793,382329.68756615964,1573.0259859784642,619.5712583587156,1690.3727431425543,14.758215034179699,0.08238494398036479
346,347,3017.0,2511.0,385134.3068637289,620.59189929636,382764.4349381057,1634.0990504409356,2369.8719256232143,1747.9742595714135,13.301631000786132,0.08226776327122594
347,348,3261.0,2511.0,383004.7526238408,618.8737771971976,383133.12972700514,1893.467739157802,-128.3771031643264,1992.0403689016157,,0.14621130477941524
348,349,630.0,2513.0,394916.1629317743,628.4235532752923,380553.0576754216,1610.9546146986647,14363.10525635269,1729.1879403147789,11.345322333477437,0.08226717497329818
349,350,1815.0,2514.0,381830.57274306886,617.9244065752775,381401.2954308564,1541.268825246266,429.27731221244903,1660.524063034744,15.156598350896962,0.08275919737158714
350,351,3191.0,2514.0,383442.8525309389,619.2276260752706,382787.6531754374,1625.0429251803687,655.199355501507,1739.0248306374422,14.69750953735766,0.08236685227173299
351,352,3884.0,2515.0,538218.1733866963,733.6335412385307,383468.8171208633,1700.710762495336,154749.35626583296,1852.1974167182218,8.764371063495743,0.08226717454632808
352,353,509.0,2517.0,381854.8906396795,617.9440840508302,380498.4586273642,1630.5725456511905,1356.4320123153157,1743.7378580637694,13.907448114377361,0.0822726333727037
353,354,4020.0,2523.0,388449.66417424683,623.2573022537871,383499.6329154587,1578.001118330615,4950.031258788134,1696.6252368349767,12.501923337600271,0.08226720368588095
354,355,3298.0,2553.0,508971.38056721305,713.4223007275912,382906.4941810934,1567.682474471312,126064.88638611964,1722.3819901345767,8.986957849353404,0.0822671745463631
355,356,1164.0,2554.0,397571.2996807506,630.5325532947917,381976.750615216,1842.4756892464502,15594.549065534608,1947.37976938979,11.25601113836964,0.08226717493601239
356,357,421.0,2556.0,381309.9692852893,617.5030122837464,380369.1738084477,1689.9915209818662,940.7954768415657,1799.2724393960193,14.30470513939743,0.08229228705582112
357,358,1314.0,2563.0,382540.7917139056,618.4988207695216,381388.86412936286,1624.8763350409126,1151.9275845427183,1738.60975939665,14.084880245735304,0.08227760779110158
358,359,1390.0,2584.0,395818.7753902353,629.1412995174434,381313.20723410393,1626.7077873589903,14505.568156131369,1744.1321624845061,11.334606331287606,0.08226717496389435
359,360,21.0,2609.0,527338.0375704247,726.1804438643128,380296.73261900863,1767.807159191941,147041.3049514161,1911.146302390597,8.819844820475284,0.08226717454633921
360,361,3772.0,2616.0,384343.52401657216,619.9544525332467,383183.4165990697,1770.5130513049753,1160.1074175024405,1875.9157731777436,14.07719768224407,0.08227898172438478
361,362,2954.0,2618.0,384263.38827429933,619.8898196564063,382531.6449158373,1664.3053143658617,1731.7433584620012,1775.999878361511,13.64223436444302,0.08226930606690479
362,363,913.0,2630.0,381009.9722592842,617.260051789582,381469.703998771,3837.463385739979,-459.7317394868005,3886.7898333239245,,0.08429757207073875
363,364,3123.0,2634.0,387923.3491259976,622.834929852411,382697.1238164464,1659.590825230413,5226.225309551228,1772.6153155812517,12.44297286921063,0.08226720014510511
364,365,376.0,2642.0,380401.4746253629,616.7669524426749,380172.83566683054,1717.513623281387,228.63895853236318,1824.8984957478,15.840567608216869,0.0893673933535472
365,366,80.0,2647.0,380773.95072016935,617.068837882669,379970.84661786247,1782.7115106301308,803.1041023068829,1886.4872861535619,14.476513580445065,0.08231915339215073
366,367,1007.0,2655.0,380883.75118815945,617.1578001884526,381239.63121872075,1934.1590126423498,-355.88003056129673,2030.2351677869929,,0.0838144111573927
367,368,1094.0,2656.0,381236.25368169125,617.4433195836958,381051.45010525465,1693.7125898886256,184.80357643659227,1802.747511451831,16.071667261962823,0.09774554148353781
368,369,2667.0,2657.0,390076.1451147228,624.5607606104152,382128.4283808628,1621.6198342783853,7947.716733859968,1737.7361798096158,11.98783724138961,0.08226717914611956
369,370,952.0,2667.0,549532.3478203097,741.3044919460173,380907.6388823344,1655.2688678561124,168624.7089379753,1813.6833722215679,8.671140158616128,0.08226717454631645
370,371,3082.0,2670.0,382767.7014625713,618.6822292444549,382606.30294829386,1689.4039733559878,161.39851427741814,1799.1257560198196,16.218694359757368,0.10741489540925014
371,372,3522.0,2673.0,383453.58658409887,619.2362932277641,382939.2577682507,1707.2565548587706,514.3288158481591,1816.0888004056135,14.960341049141235,0.08255313107598429
372,373,1953.0,2674.0,381649.9213189136,617.7782137489639,381408.59549349034,1634.8318797408383,241.32582542323507,1747.6627810878801,15.781933690455821,0.08756952622467025
373,374,128.0,2678.0,385553.0289372461,620.9291658495783,379938.284207248,1698.4139619387452,5614.744729998114,1808.359205221993,12.36511815077165,0.08226719454457461
374,375,1617.0,2686.0,381853.75772730215,617.9431678851373,381351.7433705263,1615.7183712865017,502.0143567758496,1729.8553737375344,14.986652847678739,0.08255302875765444
375,376,3246.0,2690.0,408211.3497412564,638.9141961359708,382728.76141458104,1640.1004703857855,25482.58832667535,1760.1536589126952,10.722834345685607,0.08226717459094675
376,377,2874.0,2705.0,384802.38576090825,620.3244203235017,383012.76791102136,3278.626522402781,1789.617849886883,3336.794009202942,13.606542434182362,0.08227377150237501
377,378,2909.0,2725.0,385323.72115466284,620.7444912066926,382867.5716204482,2947.7118664020572,2456.1495342146372,3012.3626891015224,13.26280618173666,0.08226868997226686
378,379,2904.0,2745.0,383993.08252501173,619.6717551336154,382417.3300228697,1756.3108258350414,1575.7525021420442,1862.42336783443,13.744723177696152,0.08227059386198701
379,380,3816.0,2757.0,383874.9033679361,619.5763897041597,383182.2775817727,1775.1233797103448,692.6257861633785,1880.1430572892898,14.637196550952275,0.08236047513589537
380,381,3445.0,2761.0,551948.9453268144,742.9326634718891,383009.2440248432,1632.175411616696,168939.70130197122,1793.3057510473684,8.669113886279934,0.08226717454631571
381,382,2437.0,2764.0,382979.6502106214,618.8534966210267,381976.9822601273,1625.0623760681042,1002.6679504940985,1738.9098241117,14.235550358045659,0.08228535568266783
382,383,3928.0,2764.0,383640.3684550255,619.3870912790395,383280.84721412696,1762.1846028245284,359.5212408985244,1867.8690915786765,15.349131806089657,0.08352675533832095
383,384,3655.0,2785.0,384443.0165042615,620.03468993077,383218.64825812855,1784.0718614412785,1224.3682461329736,1888.7444039636741,14.018663047016002,0.08227682207564799
384,385,3746.0,2792.0,398976.13884239784,631.6455808989883,383335.9794708187,1985.5511625695824,15640.159371579124,2083.6001437537484,11.252840255831691,0.08226717498726013
385,386,1304.0,2795.0,382307.86552412936,618.3104932189401,381056.29464895494,1654.032805252955,1251.5708751744241,1765.8234302663473,13.99480457050661,0.08227489771984653
386,387,171.0,2796.0,388311.11765020294,623.1461448769228,379985.20343492756,1735.4399629684308,8325.914215275378,1843.9259700277664,11.93736336151007,0.08226717884663025
387,388,1599.0,2796.0,382500.1887973011,618.4659956544873,381183.9052554023,1630.475966432192,1316.283541898767,1743.8325793762103,13.940069563370804,0.0822733311179979
388,389,3147.0,2804.0,383085.9280495983,618.9393567904378,382597.80282193987,1660.9518616236594,488.1252276584273,1772.525603204439,15.01711505680152,0.08260284902179628
389,390,3158.0,2808.0,382943.60020117543,618.8243694030808,382573.4004010019,1634.066383957639,370.1998001735192,1747.31695675041,15.317352741251785,0.08324927857343338
390,391,993.0,2814.0,380676.0159572391,616.9894798888704,380753.0254650172,1684.5088601029674,-77.00950777810067,1793.9470778311543,,0.3134840730500553
391,392,1580.0,2815.0,381312.30261443637,617.5049007734232,381203.6793849317,1673.7161700169265,108.62322950467933,1783.9949888537592,16.648636414316567,0.17213062143385183
392,393,1835.0,2819.0,382214.3304528678,618.2348509870342,381304.0992272383,1638.5522436338492,910.2312256295118,1751.3045954637594,14.340563866314326,0.08229432569551735
393,394,338.0,2834.0,381313.24168092693,617.5056620907335,380085.46328173805,1742.0728722211243,1227.7783991888864,1848.2778835561694,14.015643220260923,0.08227631092067483
394,395,3630.0,2834.0,383256.9956599815,619.0775350156138,383165.9052090135,1747.2479480333418,91.09045096801128,1853.6807670868607,16.839761060802406,0.2380689885219528
395,396,429.0,2836.0,380955.82710635534,617.2161921691388,380173.61343896453,1697.6606467848508,782.2136673908099,1806.3796664925483,14.505129691277954,0.08232013115141948
396,397,3747.0,2837.0,384529.21233380964,620.1041940706683,384589.324835356,10479.451377640344,-60.11250154633308,10497.782165192422,,2.9063105176465047
397,398,3968.0,2848.0,387863.425332478,622.7868225160894,383337.798663972,1692.3786835097762,4525.626668506011,1803.332757617953,12.59924637888496,0.08226722166356418
398,399,3100.0,2853.0,382701.44227006903,618.62867847555,383279.3443923238,4154.524602670917,-577.9021222547744,4200.330477001821,,0.0832229977242056
399,400,3967.0,2859.0,388580.5668077547,623.3623088895564,383378.7537085366,1689.7030020949023,5201.813099218067,1801.021044694549,12.448056331311061,0.0822672014716785
400,401,3829.0,2861.0,383503.5720534936,619.2766535568292,383114.3987247238,1791.5427741438345,389.1733287698007,1895.5550863078422,15.26308551849463,0.0832137442926369
401,402,1421.0,2866.0,381704.21424361627,617.8221553220245,381030.36415403005,1641.0654096399642,673.8500895862235,1753.5107340200502,14.667034965130311,0.08235776200473954
402,403,3073.0,2874.0,386307.0915644058,621.5360728888016,382556.5136856221,1717.8056901127911,3750.577878783748,1826.790485766202,12.803197721761645,0.08226727704723993
403,404,1027.0,2880.0,380829.5431323644,617.1138808850143,380779.5839861389,1659.869732392372,49.959146225475706,1770.8746625589538,17.49190567146036,0.7142623301265603
404,405,2295.0,2892.0,381838.3078271595,617.9306659482016,381715.23199275456,1651.3119671248558,123.07583440490998,1763.1419457006145,16.513011219241413,0.1425347122130884
405,406,3112.0,2893.0,382837.65001071873,618.738757443216,383096.89357458946,3916.1193574959725,-259.24356387072476,3964.6977781562423,,0.10123220886579
406,407,328.0,2905.0,380095.0042944148,616.5184544648812,380057.9878333502,1699.3363369410392,37.01646106457338,1807.7165128260447,17.81745595135701,1.3218532814448045
407,408,1579.0,2908.0,381170.2022898153,617.3898298194296,381143.8985448979,1624.1595355598947,26.30374491738621,1737.5455098830064,18.188399230545787,2.512661130713455
408,409,2650.0,2926.0,382239.38550984586,618.2551142087262,382173.93656965235,1616.282692673494,65.44894019351341,1730.4938973833814,17.19868664506639,0.4122759560581562
409,410,2972.0,2934.0,382866.07854672364,618.7617303012022,382547.35738029884,1662.9506186895367,318.7211664248025,1774.336732158034,15.479915925897066,0.08410100089502329
410,411,2532.0,2945.0,541027.479185306,735.5457014828129,382192.4105895272,1590.5461166342825,158835.06859577878,1752.3882070221312,8.736077203938832,0.08226717454632104
411,412,3894.0,2946.0,383847.54411912523,619.5543102301393,383627.3906460827,2829.895272331609,220.15347304253373,2896.92160675596,15.88162933852359,0.10168766136563971
412,413,1354.0,2958.0,381442.63075852557,617.610420306184,380915.72349326743,1608.9342056560772,526.9072652581381,1723.4012618658876,14.93410772403207,0.08250103814853005
413,414,3922.0,2978.0,385670.7453895967,621.0239485227148,383499.39622350485,1764.8352841275548,2171.3491660918226,1870.9126983214185,13.39661902560496,0.08226813158450014
414,415,2917.0,2984.0,408988.05740601406,639.5217396487525,382525.6354811015,1666.785718535636,26462.421924912545,1785.2626381005466,10.681869217032755,0.08226717458579465
415,416,1158.0,2999.0,381209.48847534077,617.4216450818811,380731.1551483038,1631.5336920137847,478.33332703699125,1744.451683478722,15.039116589651137,0.08261971519704515
416,417,3985.0,2999.0,392690.2996876555,626.65006051491,383373.78356203454,1644.7388094495623,9316.516125620983,1760.0727398755155,11.815309341219116,0.08226717704543116
417,418,2101.0,3013.0,382001.1741585159,618.0624359231783,381392.21909890656,1611.5452579093508,608.9550596093177,1726.0009539364135,14.776980083150118,0.08239873864136968
418,419,396.0,3019.0,381387.0231879138,617.5654008862995,380018.1727932578,1606.0092966045565,1368.8503946560086,1720.6547838401864,13.897553227448523,0.08227229954128694
419,420,2978.0,3024.0,383135.1947762912,618.9791543695734,382503.07420272945,1677.6179464415704,632.120573561755,1788.1658669617045,14.736443377498947,0.08238880389896587
420,421,1222.0,3031.0,395471.9091861688,628.8655731575732,380848.73636005033,1553.7334434081863,14623.172826118476,1676.1740727823774,11.325839159240129,0.08226717491972688
421,422,1788.0,3036.0,381410.28527616535,617.5842326457788,381108.6265091573,1543.8312006594822,301.658767008048,1662.7763110359656,15.539653312256892,0.08427204960823834
422,423,2214.0,3044.0,381592.61432967614,617.7318309635496,381548.87845497474,1566.9734638025172,43.73587470140774,1684.3391734584927,17.636348649539993,0.8843844266500827
423,424,2791.0,3044.0,383056.29394337785,618.9154167660424,382232.9168715873,1592.0908568583845,823.3770717905718,1708.159708459004,14.449446268166461,0.08230574932872904
424,425,3841.0,3052.0,383868.97759690345,619.5716081679496,383178.3881239231,1647.5789650922277,690.5894729803549,1760.223117636567,14.640393306525372,0.08234992696089401
425,426,657.0,3085.0,380495.1364398071,616.8428774370228,380168.84540743096,1546.595772341261,326.2910323761171,1665.0686527794123,15.454430346200914,0.08374055676005361
426,427,2284.0,3087.0,381712.21645808744,617.8286292804403,381587.54279010405,1580.232078323872,124.6736679833848,1696.7161331590892,16.499006348980416,0.13668790896120026
427,428,3313.0,3089.0,669531.6888540569,818.2491609173718,382941.9685633622,1579.917967710839,286589.7202906947,1779.2336760632456,8.09529166974128,0.08226717454629456
428,429,2370.0,3090.0,385428.16886277404,620.8286149292667,381838.1081559978,1540.8057439825789,3590.0607067762176,1661.1774468143674,12.850688710183018,0.08226727551063827
429,430,1883.0,3091.0,384174.75690888806,619.8183267608407,381034.22766501707,1562.3833753281494,3140.5292438709876,1680.8380557598014,12.995936086717439,0.08226735106198961
430,431,2605.0,3101.0,383715.1327296701,619.4474416851582,384350.97120370565,14918.570912518013,-635.8384740355541,14931.425692305434,,0.09017699850582585
431,432,2635.0,3110.0,398774.59643121087,631.4860216163582,382302.4012897775,2116.7339755561106,16472.19514143339,2208.922207496324,11.196564494724745,0.08226717494909996
432,433,2916.0,3115.0,385297.6613807037,620.7234990995361,382247.3578910354,1629.8337038571965,3050.303489668295,1744.0342784943305,13.02758556226912,0.0822673880870034
433,434,1922.0,3117.0,381287.0318911364,617.4844394653078,381240.62263505394,2073.0934490527843,46.409256082435604,2163.1004325937697,17.571931673866025,1.0076730585001017
434,435,2052.0,3136.0,381491.7153444862,617.6501567791996,381200.00271816703,1554.3836987266866,291.7126263191458,1672.6028814505325,15.576055123041455,0.08458264388122833
435,436,587.0,3140.0,386602.00262649835,621.7732732863232,380178.3109423188,1745.631414200961,6423.691684179532,1853.0599120423592,12.218981471032361,0.08226718680327404
436,437,3111.0,3151.0,383355.3703705034,619.1569836050007,382601.1562802525,1587.5531725448543,754.2140902508982,1704.018910107536,14.544706587114629,0.0823216962963578
437,438,2712.0,3161.0,382970.423111651,618.846042074584,382151.87683718617,1599.8188033293877,818.5462744648103,1715.3397993626952,14.455835100751697,0.08230700045528833
438,439,576.0,3183.0,380921.5666698259,617.18843715709,380835.25389984687,6046.297718311367,86.31276997900568,6077.716484455133,16.89825555533276,0.8199499011768673
439,440,842.0,3187.0,381886.38729078666,617.9695682516257,380427.069278032,1568.7086066320846,1459.3180127546657,1686.0406518843718,13.82806833344327,0.08227098406120531
440,441,2199.0,3190.0,389449.4311133607,624.0588359730165,381389.6921621173,1571.7744087003039,8059.738951243402,1691.1310483227448,11.97264075231523,0.08226717866550269
441,442,1548.0,3194.0,381166.246885194,617.3866261684562,380922.11759724794,1525.3863413464578,244.12928794603795,1645.5909991665612,15.769393480194022,0.08677704375809316
442,443,2748.0,3201.0,382483.96932356025,618.4528832010201,382210.4662787039,1652.7185595776336,273.503044856363,1764.6423450410632,15.646037777203833,0.08558263519233043
443,444,3153.0,3213.0,383344.2738625161,619.1480238642664,382648.05946938304,1568.2358794184888,696.2143931330647,1686.0332288986797,14.63158569775132,0.08234067833405562
444,445,1053.0,3217.0,382361.52666365966,618.3538849269617,381687.20899122447,6528.6923400259975,674.3176724351943,6557.910124248303,14.666281836829057,0.08352180864233348
445,446,1794.0,3234.0,381480.2476364847,617.6408725261189,381032.05854874634,1583.4204371725298,448.1890877383412,1699.6177594596002,15.109789995324535,0.08270114170589446
446,447,3741.0,3235.0,383468.632765551,619.2484423010657,391375.19842137845,44272.95037435018,-7906.565655827464,44277.28089531883,,0.08227022346421664
447,448,2637.0,3245.0,382102.48748461774,618.1443901297849,382049.9228150316,1556.6665033217307,52.564669586136006,1674.9068898338282,17.43670834411922,0.611738580394502
448,449,1061.0,3249.0,387061.3445253911,622.1425418139431,380965.2704958484,2352.000951453941,6096.074029542739,2432.893301806505,12.275817610356194,0.08226720059514142
449,450,3712.0,3255.0,427288.5391607864,653.6731134361203,383226.55649377056,1762.465831870508,44061.98266701581,1879.7803988073376,10.128283102981328,0.08226717455198944
450,451,2758.0,3273.0,382717.25451445323,618.6414585187556,382431.2789172313,1901.895106460384,285.9755972219282,1999.9805624495878,15.59762075215419,0.08582502818876564
451,452,948.0,3288.0,380772.76351227687,617.0678763929454,380746.49079217226,2164.6809682499465,26.272720104607288,2250.91458264849,18.189680593466463,3.2620235576383076
452,453,2741.0,3295.0,382153.85364096134,618.185938003333,382477.1545667311,1937.8457336871734,-323.30092576972675,2034.0599650734587,,0.08453751740994614
453,454,1195.0,3298.0,380888.6791656155,617.1617943352379,380735.33670030755,1640.8610464182448,153.342465307971,1753.0868928948923,16.274287088263755,0.11102423944834498
454,455,2775.0,3301.0,383327.5158877666,619.1344895391255,382357.8669801057,1719.972564822523,969.6489076609141,1828.0134408365388,14.271906909865738,0.08229014573727571
455,456,2680.0,3302.0,382970.7894464287,618.8463373489636,382231.4965581258,1625.2769462501763,739.2928883029381,1739.1078003569892,14.56640187003228,0.08232868769793325
456,457,2785.0,3307.0,383476.15165964374,619.2545127299055,382310.6279320566,1732.9621775163291,1165.5237275871332,1840.280973177327,14.07214039308623,0.08227832770235503
457,458,3804.0,3308.0,446592.3991540612,668.2756921400496,383291.97443289077,1750.4376317835151,63300.42472117045,1873.6660063813783,9.734926631300915,0.08226717454762064
458,459,3213.0,3309.0,479464.9676047146,692.4340893984025,383772.7731105742,2223.626665697772,95692.19449414039,2328.9440775946478,9.286251905475975,0.08226717454668486
459,460,940.0,3317.0,382475.4907361029,618.4460282438326,380624.40296749305,1623.6491264211727,1851.0877686098684,1737.4440927922858,13.56987566337084,0.08226873716468158
460,461,2006.0,3317.0,381591.7885292036,617.7311609260069,381404.7601596504,1654.41128645446,187.02836955321254,1765.975224041066,16.05867447160634,0.09652309860781734
461,462,2248.0,3323.0,381960.4956251184,618.0295257962053,381432.50076815474,1626.9205277910844,527.9948569636326,1740.353670523294,14.931868960673535,0.08250369887271108
462,463,3226.0,3335.0,384947.64655565715,620.4414922636181,826779.6480805695,2690207.701048136,-441832.0015249123,2690207.772594218,,0.08226717570050586
463,464,1918.0,3343.0,381519.77180139197,617.6728673158236,381200.88212059054,1638.891602310945,318.88968080142513,1751.423836523726,15.47934202673968,0.08405070979570975
464,465,1097.0,3349.0,381227.04310628935,617.4358601641326,380736.2793794386,1658.0582460374499,490.76372685073875,1769.2891761013536,15.011262051670105,0.08259450626792392
465,466,2495.0,3352.0,382419.603510604,618.4008430920666,381841.57212917635,1574.0377384725807,578.0313814276597,1691.1577114133545,14.833564648770098,0.08242273369756889
466,467,3773.0,3357.0,390295.24497380585,624.736140027342,383314.59196805826,1796.0643799466166,6980.65300574759,1901.6157607595933,12.128703064645997,0.08226718380189502
467,468,761.0,3360.0,381064.0961565431,617.3038911073949,380410.82111871714,1662.4666488701955,653.2750378259807,1773.3751584428007,14.700703031837492,0.08237205237025758
468,469,443.0,3368.0,3796586.790564174,1948.4832039264488,383825.47978045733,3233.1570610358203,3412761.3107837164,3774.9028301810977,5.4056784044931305,0.08226717454629172
469,470,3197.0,3369.0,430371.84570821235,656.027320016072,415046.17812114925,146604.71580475205,15325.6675870631,146606.18359413333,11.27489468749041,0.0822695424505765
470,471,3136.0,3375.0,384982.29393461155,620.4694129181565,383135.69094680256,1674.928353482588,1846.6029878089903,1786.1599261171702,13.572509356448114,0.08226884212203074
471,472,3219.0,3376.0,3105444.963205604,1762.2272728134828,385614.96233803657,2137.777910047527,2719830.0008675675,2770.476376678714,5.652088791437013,0.08226717454629172
472,473,480.0,3391.0,385335.36576995405,620.7538687143021,835262.9934321716,3025156.107789841,-449927.6276622176,3025156.1714783492,,0.08226717590356836
473,474,2703.0,3394.0,382476.74147271336,618.4470409640822,382141.6961487551,1684.6201554293987,335.0453239582712,1794.553373560174,15.425684288467725,0.08380603393542839
474,475,2151.0,3397.0,381945.4082887441,618.0173209204565,381431.52907094965,1703.7139454836715,513.879217794456,1812.3428530477443,14.961290555271578,0.08255295088060348
475,476,3980.0,3456.0,384619.3615270507,620.1768808581343,383490.31789283006,1717.4730279503642,1129.0436342206667,1826.0155983145153,14.106666375096403,0.08227964483672531
476,477,1887.0,3460.0,381291.66494275327,617.4881890684194,381170.5759901552,1725.2716614744877,121.08895259804558,1832.4448066792995,16.530681884669306,0.14962134199799865
477,478,4043.0,3460.0,384322.4949721155,619.9374922248651,383501.5365054577,1706.5370585443732,820.9584666577866,1815.651736003173,14.452640225835083,0.08231127137897226
478,479,1843.0,3483.0,381918.3649928959,617.9954410507845,381177.9747824901,1679.2426288689257,740.390210405807,1789.3502093693605,14.564791521769447,0.08233190678378026
479,480,3710.0,3493.0,421290.7169307006,649.0691170262165,383272.5090332448,1834.5481119587682,38018.20789745578,1945.9849675084013,10.288464088146256,0.08226717455730853
480,481,2123.0,3496.0,382674.2384908087,618.6066912094765,381398.56397819106,1709.649923000451,1275.6745126176393,1818.1246100376577,13.974093494704661,0.08227476051725448
481,482,2654.0,3501.0,382749.5618631863,618.6675689228779,382070.7345387532,1681.6984979011593,678.8273244330776,1791.8871054505523,14.659044902747127,0.08235902579658874
482,483,3789.0,3503.0,383410.300313317,619.2013412422308,383287.85450011527,1824.2152943686071,122.4458132017171,1926.440173274146,16.518583341603087,0.15256946019947268
483,484,2283.0,3511.0,381960.39565350034,618.0294452529508,381590.88905788166,1747.6909617403182,369.5065956186736,1853.748659594517,15.319387704061645,0.08338000467646445
484,485,2407.0,3515.0,382078.12411605084,618.1246841228063,381714.7686663699,1670.0300808541706,363.35544968093745,1780.7522556716604,15.337613995691655,0.08336550811544319
485,486,1677.0,3520.0,381308.46244871296,617.5017918190484,380986.58264424,1716.0299582953025,321.87980447296286,1823.750882293608,15.469208869132215,0.08412931296430647
486,487,3210.0,3527.0,382956.98361995636,618.8351824825425,382846.7200075386,1679.353697067739,110.26361241773702,1789.7446250605938,16.632362649786412,0.16863453499021447
487,488,891.0,3528.0,380693.43509191443,617.0035947824069,380546.09738384467,1686.4033285223534,147.33770806976827,1795.7309437735057,16.31765841661281,0.11666438381943171
488,489,1211.0,3533.0,380932.8202527856,617.1975535254885,380804.36805385957,1693.811445483911,128.45219892601017,1802.7562322538631,16.466589333251097,0.136767085082316
489,490,738.0,3560.0,380775.8373989805,617.0703667623386,380537.3765933794,1712.342772214714,238.46080560109112,1820.1356012924361,15.794900674199512,0.088274871167196
490,491,295.0,3576.0,381330.18083061674,617.5193765851703,379774.7675548755,1806.100803668227,1555.4132757412153,1908.750977332861,13.758828687687885,0.08227095765460983
491,492,1152.0,3583.0,381086.378411764,617.3219400535321,382209.1761626742,9653.95949265761,-1122.7977509102202,9673.676667304186,,0.08262426553260405
492,493,3456.0,3599.0,385041.48852342716,620.5171143344411,383110.00594161556,1715.430135829382,1931.4825818116078,1824.209976974568,13.52371620120233,0.082268627748523
493,494,1901.0,3603.0,381352.97082239384,617.5378295665765,381360.4777376965,1744.0781085885208,-7.506915302656125,1850.1787534731639,,32.83159795998251
494,495,1735.0,3611.0,383170.3435895381,619.0075483887408,381240.94885378075,1688.3853769848733,1929.394735757378,1798.281270040533,13.524890468129534,0.08226859285432833
495,496,2871.0,3616.0,383477.19454426516,619.2553553446219,382581.42558642913,1774.9436217498671,895.7689578360296,1879.86756329097,14.357953170640274,0.08230052685273398
496,497,1169.0,3623.0,391378.0601281564,625.6021575081537,380890.6932167554,1706.0792428088068,10487.366911400983,1817.1638457282625,11.68677703495359,0.08226717620536567
497,498,2192.0,3633.0,381884.71386653115,617.9682138060189,381602.90021276224,1712.2624742168875,281.81365376891335,1820.3646595904731,15.613538114503886,0.08540059788485137
498,499,598.0,3634.0,388275.4060434946,623.117489314787,380283.1313920107,1663.5501890885976,7992.2746514838655,1776.4218634960203,11.981767191637013,0.08226717924689966
499,500,3576.0,3635.0,389230.1572490975,623.8831274386123,383198.55457635137,1810.3932330150058,6031.602672746114,1914.876971204445,12.28736137877491,0.08226719138443615
500,501,1823.0,3639.0,381682.66428695025,617.8047141079392,381424.0398241226,1686.244451739577,258.62446282763267,1795.8571813472527,15.706769187161935,0.0865376893217648
501,502,258.0,3644.0,380026.89124401065,616.4632104290799,379816.40292154456,1777.6073212663237,210.488322466088,1881.4660981352183,15.93037317393224,0.0925809974639288
502,503,2687.0,3671.0,382809.1797191275,618.715750280925,382528.89518215094,1698.8143991686757,280.28453697654186,1807.9766432309118,15.619445344185726,0.08542562922820265
503,504,125.0,3672.0,381513.39455900947,617.6677047740503,379619.3045819484,1723.3856706724212,1894.089977061085,1830.729789837887,13.544941676408623,0.08226875719788153
504,505,2875.0,3675.0,383654.219854222,619.3982715437987,382645.78639503923,1762.0448495953783,1008.4334591827937,1867.7409538737015,14.229325074087832,0.0822876735905826
505,506,1859.0,3679.0,382353.9175293873,618.3477314009925,381845.1972190869,3339.231091950291,508.7203103003558,3396.000324260333,14.972245499037815,0.0833071572762845
506,507,2074.0,3686.0,381924.0208184739,618.0000152271052,381731.3426178544,1750.6586320311078,192.67820061946986,1856.5370087142705,16.026361736540373,0.09627396382221805
507,508,276.0,3690.0,381594.74181756424,617.7335526604245,379879.2008856658,1766.9012778070146,1715.5409318984603,1871.773188075556,13.652440479854768,0.08226963286983026
508,509,3532.0,3697.0,385434.57273257297,620.8337725791035,383233.81805657415,1707.2438145310841,2200.754675998818,1816.622144373851,13.382014108021107,0.08226802958118888
509,510,458.0,3700.0,381985.2054026191,618.049518292166,380183.2018710631,1718.908787359559,1802.0035315559944,1826.6451834779211,13.599054096806205,0.08226909774512674
510,511,1845.0,3704.0,386444.3158401882,621.6464563163344,381619.43327569636,1722.4311168037302,4824.882564491825,1831.1781095197707,12.529726323053385,0.08226721215232363
511,512,3174.0,3711.0,383952.244286127,619.6388030029823,382975.224239044,1707.9769659006536,977.0200470829732,1816.903289180294,14.263684503923619,0.08228919037499105
512,513,2429.0,3713.0,382244.3547771073,618.2591308128216,382011.30601055705,1666.9108938756672,233.04876655025873,1777.8740902985232,15.819826169489884,0.08854063331283984
513,514,959.0,3716.0,382757.48902742553,618.6739773314943,380808.3988971259,1666.5238861710552,1949.0901302996208,1777.655577834426,13.513863385402924,0.08226850532995357
514,515,3750.0,3737.0,404764.9277625113,636.2113852359746,383360.15055152914,1841.2629417912322,21404.777210982167,1948.0796050258264,10.912166411503854,0.08226717465617053
515,516,1517.0,3751.0,381729.65123636904,617.8427402497398,381369.54246729164,1676.0390497519697,360.1087690774002,1786.2912830702592,15.347358948515595,0.08341242568302198
516,517,3905.0,3759.0,747094.9408672691,864.3465400584157,384109.1563044679,1748.6410481220953,362985.7845628012,1950.6000247330292,7.838719147975809,0.08226717454629305
517,518,171.0,3765.0,382376.10441098915,618.36567259396,379494.65019941365,1684.703923804155,2881.454211575503,1794.6039718900927,13.089413884450865,0.082267458490511
518,519,2876.0,3766.0,383674.27093210653,619.4144572421937,382678.66726104025,1728.4005181559578,995.6036710662884,1836.0399290327061,14.243226967976716,0.0822880245759877
519,520,708.0,3767.0,381313.3014797656,617.5057094157821,380501.4629669243,1720.8937331045622,811.8385128413211,1828.329440171996,14.464769066275027,0.08231393194342976
520,521,3469.0,3770.0,515110.24143326376,717.7118078547087,383512.3975394218,1667.4408236700772,131597.84389384196,1815.3427058204795,8.940321256655228,0.0822671745463585
521,522,1597.0,3778.0,381605.6767090797,617.7424018684798,381503.91387062694,1667.4572785914745,101.76283845276339,1778.206807712175,16.719470160805205,0.19040308068019993
522,523,753.0,3779.0,381471.59710915806,617.6338684229423,380673.7001660151,1655.279404027084,797.8969431429286,1766.7545106265745,14.483576188155059,0.08231396800421191
523,524,2553.0,3785.0,382382.14415937534,618.3705553292449,382159.03419816983,1626.227156992689,223.10996120551135,1739.8266895983413,15.867145789505926,0.08938404784679436
524,525,1288.0,3790.0,411722.24194729223,641.6558596908235,381191.97895865946,1671.2060069287568,30530.262988632778,1790.1541162342223,10.526616827883077,0.08226717456871
525,526,1635.0,3793.0,381644.8822976423,617.774134918032,381491.4315528974,1636.7025748899107,153.45074474491412,1749.4113868455831,16.273520689882375,0.11084895891191651
526,527,3236.0,3797.0,403103.2680028875,634.904140571468,383259.6433137545,1610.1185176982112,19843.624689132965,1730.7758112330664,10.994390680118887,0.08226717466371143
527,528,1860.0,3803.0,382121.53709069896,618.1597990143023,381826.952552902,1693.575485533536,294.5845377969672,1802.8642384598888,15.565418321778797,0.08484982498000197
528,529,3779.0,3812.0,383588.6472225323,619.3453370542985,383589.15164937644,1761.1746833543016,-0.5044268441270106,1866.9024912455998,,7337.113788932133
529,530,2751.0,3816.0,393650.2362480225,627.4155215187765,382578.7101113762,1641.073507731959,11071.526136646338,1756.9213113917065,11.627924467168366,0.08226717579487663
530,531,344.0,3819.0,379812.2445373168,616.2890909610497,379656.9554416458,1723.2677666468117,155.28909567097435,1830.1541025830277,16.260590789135318,0.11192739620189535
531,532,3239.0,3821.0,384478.36516799155,620.0631942947821,383513.321169729,2125.4830896443746,965.0439982625539,2214.0814640123895,14.27707540588873,0.08230151859688556
532,533,1834.0,3838.0,382402.1337421655,618.386718722549,381858.010764543,1615.1747351551846,544.1229776224936,1729.5061604331052,14.899200526241096,0.0824743093080559
533,534,3542.0,3853.0,390793.2275743693,625.1345696007614,383396.35717400216,1715.2185890011958,7396.87040036713,1825.5870393287696,12.065823167360989,0.08226718131267281
534,535,3701.0,3855.0,383364.01889393735,619.1639678490242,383399.2475862391,1808.7911028400842,-35.22869230172364,1911.8287770603297,,1.542674711661005
535,536,1097.0,3857.0,382361.401874848,618.3537836720229,381120.17188882653,1697.1818347457215,1241.2299860214698,1806.31879300758,14.003812544084052,0.08227552867452705
536,537,2063.0,3866.0,407549.3941527822,638.3959547102961,382119.6886010331,1727.8183268682612,25429.705551749095,1841.9841382738093,10.725089862364218,0.08226717459560341
537,538,1198.0,3877.0,381575.4372610956,617.7179258188651,381206.5112228021,1631.8072418833954,368.9260382935172,1744.8123998129583,15.321094920692614,0.08325999554647483
538,539,1701.0,3879.0,382001.9678406698,618.0630767690473,381828.89235978434,1635.910910564575,173.07548088545445,1748.7728480764556,16.14285432383437,0.10087658015956918
539,540,2841.0,1906.0,11322369.511725577,3364.8728752073284,404873.95567976224,10486.692894992397,10917495.556045813,11013.31454831787,4.143135631699529,0.08226717454629172
540,541,2526.0,1758.0,10164326.16484941,3188.154032842017,401905.9118925854,10368.507042471532,9762420.252956824,10847.592563647871,4.264549443123711,0.08226717454629172
541,542,3998.0,2240.0,5522822.755593262,2350.0686744570107,389938.7495944682,3330.912125087437,5132884.005998793,4076.4933901232607,4.962539566003226,0.08226717454629172
542,543,2655.0,2041.0,2834757.1894340124,1683.6737243535106,386189.971441108,1913.9869754222516,2448567.2179929046,2549.1377664152324,5.7661631143433425,0.08226717454629172
